O.S.;Data;Tipo;Máquina;Nome Máquina;Modelo;Fabricante;Ano de Fabricação;Descrição;Origem
2737;29/07/2024;CORRETIVA;;;;;;OS GERADA AUTOMATICAMENTE POR PROJEDATA - KEVIN MACEDO OBRIGATORIO APONTAR O PROBLEMA MANUTENC?O CORRETIVA (FALHA/QUEBRA);Manutenção
2754;30/07/2024;CORRETIVA;416;416 - Hece 1400;HECE-1400;HECE;2003;OS GERADA AUTOMATICAMENTE POR PAULO ROBERTO PACE OBRIGATORIO APONTAR O PROBLEMA MANUTENC?O CORRETIVA (FALHA/QUEBRA);Manutenção
2756;30/07/2024;CORRETIVA;108;108 - Extrusora;108 - Carnevalli monocamada;Carnevalli ;2008;OS GERADA AUTOMATICAMENTE POR FELIPE MORAIS JULIAO DA SILVA OBRIGATORIO APONTAR O PROBLEMA MANUTENC?O CORRETIVA (FALHA/QUEBRA);Manutenção
2757;30/07/2024;CORRETIVA;108;108 - Extrusora;108 - Carnevalli monocamada;Carnevalli ;2008;OS GERADA AUTOMATICAMENTE POR FELIPE MORAIS JULIAO DA SILVA OBRIGATORIO APONTAR O PROBLEMA MANUTENC?O CORRETIVA (FALHA/QUEBRA);Manutenção
2759;30/07/2024;CORRETIVA;502;502 - Jaguar rebobinadeira;Jaguar;MegaSteel ;2000;OS GERADA AUTOMATICAMENTE POR ANTONIO MARCOS VIRGINIO ISHIZAKI OBRIGATORIO APONTAR O PROBLEMA MANUTENC?O CORRETIVA (FALHA/QUEBRA);Manutenção
2764;31/07/2024;CORRETIVA;117;117 - Extrusora;117 - Carnevalli monocamada;Carnevalli ;2016;OS GERADA AUTOMATICAMENTE POR DAVID DA CRUZ MALHEIROS OBRIGATORIO APONTAR O PROBLEMA MANUTENC?O CORRETIVA (FALHA/QUEBRA);Manutenção
2769;01/08/2024;CORRETIVA;108;108 - Extrusora;108 - Carnevalli monocamada;Carnevalli ;2008;OS GERADA AUTOMATICAMENTE POR IVANILDO NASCIMENTO DA SILVA OBRIGATORIO APONTAR O PROBLEMA MANUTENC?O CORRETIVA (FALHA/QUEBRA);Manutenção
2770;01/08/2024;CORRETIVA;108;108 - Extrusora;108 - Carnevalli monocamada;Carnevalli ;2008;OS GERADA AUTOMATICAMENTE POR IVANILDO NASCIMENTO DA SILVA OBRIGATORIO APONTAR O PROBLEMA MANUTENC?O CORRETIVA (FALHA/QUEBRA);Manutenção
2773;01/08/2024;CORRETIVA;501;501 - Jaguar rebobinadeira;Jaguar;MegaSteel ;2000;OS GERADA AUTOMATICAMENTE POR CLAUDINEI AZEVEDO JUNIOR OBRIGATORIO APONTAR O PROBLEMA MANUTENC?O CORRETIVA (FALHA/QUEBRA);Manutenção
2778;02/08/2024;CORRETIVA;501;501 - Jaguar rebobinadeira;Jaguar;MegaSteel ;2000;OS GERADA AUTOMATICAMENTE POR ERONILDO JOSE LINS DA SILVA OBRIGATORIO APONTAR O PROBLEMA MANUTENC?O CORRETIVA (FALHA/QUEBRA);Manutenção
2780;02/08/2024;CORRETIVA;115;115 - Extrusora;115 - Carnevalli monocamada;Carnevalli ;2017;OS GERADA AUTOMATICAMENTE POR ALEX FERNANDES RIBEIRO OBRIGATORIO APONTAR O PROBLEMA MANUTENC?O CORRETIVA (FALHA/QUEBRA);Manutenção
2781;02/08/2024;CORRETIVA;115;115 - Extrusora;115 - Carnevalli monocamada;Carnevalli ;2017;OS GERADA AUTOMATICAMENTE POR IZAEL DA SILVA RODRIGUES OBRIGATORIO APONTAR O PROBLEMA MANUTENC?O CORRETIVA (FALHA/QUEBRA);Manutenção
2782;02/08/2024;CORRETIVA;117;117 - Extrusora;117 - Carnevalli monocamada;Carnevalli ;2016;OS GERADA AUTOMATICAMENTE POR MICHAEL DE OLIVEIRA BATISTA OBRIGATORIO APONTAR O PROBLEMA MANUTENC?O CORRETIVA (FALHA/QUEBRA);Manutenção
2787;02/08/2024;CORRETIVA;115;115 - Extrusora;115 - Carnevalli monocamada;Carnevalli ;2017;OS GERADA AUTOMATICAMENTE POR IZAEL DA SILVA RODRIGUES OBRIGATORIO APONTAR O PROBLEMA MANUTENC?O CORRETIVA (FALHA/QUEBRA);Manutenção
2789;02/08/2024;CORRETIVA;418;418 - Hece 850;HECE-850;HECE;2012;OS GERADA AUTOMATICAMENTE POR MARIA LUCILENE DOS SANTOS SILVA  OBRIGATORIO APONTAR O PROBLEMA MANUTENC?O CORRETIVA (FALHA/QUEBRA);Manutenção
2790;02/08/2024;CORRETIVA;418;418 - Hece 850;HECE-850;HECE;2012;OS GERADA AUTOMATICAMENTE POR HELENO JO?O PESSOA OBRIGATORIO APONTAR O PROBLEMA MANUTENC?O CORRETIVA (FALHA/QUEBRA);Manutenção
2793;04/08/2024;CORRETIVA;117;117 - Extrusora;117 - Carnevalli monocamada;Carnevalli ;2016;OS GERADA AUTOMATICAMENTE POR CARLOS EDUARDO FREITAS DE SOUZA OBRIGATORIO APONTAR O PROBLEMA MANUTENC?O CORRETIVA (FALHA/QUEBRA);Manutenção
2804;05/08/2024;CORRETIVA;501;501 - Jaguar rebobinadeira;Jaguar;MegaSteel ;2000;OS GERADA AUTOMATICAMENTE POR ERONILDO JOSE LINS DA SILVA OBRIGATORIO APONTAR O PROBLEMA MANUTENC?O CORRETIVA (FALHA/QUEBRA);Manutenção
2805;05/08/2024;CORRETIVA;501;501 - Jaguar rebobinadeira;Jaguar;MegaSteel ;2000;OS GERADA AUTOMATICAMENTE POR ERONILDO JOSE LINS DA SILVA OBRIGATORIO APONTAR O PROBLEMA MANUTENC?O CORRETIVA (FALHA/QUEBRA);Manutenção
2814;06/08/2024;CORRETIVA;115;115 - Extrusora;115 - Carnevalli monocamada;Carnevalli ;2017;OS GERADA AUTOMATICAMENTE POR IZAEL DA SILVA RODRIGUES OBRIGATORIO APONTAR O PROBLEMA MANUTENC?O CORRETIVA (FALHA/QUEBRA);Manutenção
2827;06/08/2024;CORRETIVA;115;115 - Extrusora;115 - Carnevalli monocamada;Carnevalli ;2017;OS GERADA AUTOMATICAMENTE POR IZAEL DA SILVA RODRIGUES OBRIGATORIO APONTAR O PROBLEMA MANUTENC?O CORRETIVA (FALHA/QUEBRA);Manutenção
2841;08/08/2024;CORRETIVA;417;417 - Hece 1400;HECE-1400;HECE;2003;OS GERADA AUTOMATICAMENTE POR PAULO ROBERTO PACE OBRIGATORIO APONTAR O PROBLEMA MANUTENC?O CORRETIVA (FALHA/QUEBRA);Manutenção
2857;08/08/2024;CORRETIVA;418;418 - Hece 850;HECE-850;HECE;2012;OS GERADA AUTOMATICAMENTE POR HELENO JO?O PESSOA OBRIGATORIO APONTAR O PROBLEMA MANUTENC?O CORRETIVA (FALHA/QUEBRA);Manutenção
2858;09/08/2024;CORRETIVA;115;115 - Extrusora;115 - Carnevalli monocamada;Carnevalli ;2017;OS GERADA AUTOMATICAMENTE POR IVANILDO NASCIMENTO DA SILVA OBRIGATORIO APONTAR O PROBLEMA MANUTENC?O CORRETIVA (FALHA/QUEBRA);Manutenção
2860;09/08/2024;CORRETIVA;406;406 - Hece1400;HECE-1400;HECE;2003;OS GERADA AUTOMATICAMENTE POR DENILSON DA SILVA  OBRIGATORIO APONTAR O PROBLEMA MANUTENC?O CORRETIVA (FALHA/QUEBRA);Manutenção
2861;09/08/2024;CORRETIVA;406;406 - Hece1400;HECE-1400;HECE;2003;OS GERADA AUTOMATICAMENTE POR DENILSON DA SILVA  OBRIGATORIO APONTAR O PROBLEMA MANUTENC?O CORRETIVA (FALHA/QUEBRA);Manutenção
2873;10/08/2024;CORRETIVA;507;507 - MegaSteel Rebobinadeira;;MegaSteel ;2000;OS GERADA AUTOMATICAMENTE POR SILVANIO MOTA DE OLIVEIRA OBRIGATORIO APONTAR O PROBLEMA MANUTENC?O CORRETIVA (FALHA/QUEBRA);Manutenção
2874;10/08/2024;CORRETIVA;116;116 - Extrusora;116 - Carnevalli monocamada;Carnevalli ;2015;OS GERADA AUTOMATICAMENTE POR ANDRE SOUZA DOS SANTOS OBRIGATORIO APONTAR O PROBLEMA MANUTENC?O CORRETIVA (FALHA/QUEBRA);Manutenção
2875;10/08/2024;CORRETIVA;418;418 - Hece 850;HECE-850;HECE;2012;OS GERADA AUTOMATICAMENTE POR HELENO JO?O PESSOA OBRIGATORIO APONTAR O PROBLEMA MANUTENC?O CORRETIVA (FALHA/QUEBRA);Manutenção
2904;13/08/2024;CORRETIVA;501;501 - Jaguar rebobinadeira;Jaguar;MegaSteel ;2000;OS GERADA AUTOMATICAMENTE POR CLAUDINEI AZEVEDO JUNIOR OBRIGATORIO APONTAR O PROBLEMA MANUTENC?O CORRETIVA (FALHA/QUEBRA);Manutenção
2905;13/08/2024;CORRETIVA;501;501 - Jaguar rebobinadeira;Jaguar;MegaSteel ;2000;OS GERADA AUTOMATICAMENTE POR CLAUDINEI AZEVEDO JUNIOR OBRIGATORIO APONTAR O PROBLEMA MANUTENC?O CORRETIVA (FALHA/QUEBRA);Manutenção
2913;14/08/2024;CORRETIVA;117;117 - Extrusora;117 - Carnevalli monocamada;Carnevalli ;2016;OS GERADA AUTOMATICAMENTE POR DAVID DA CRUZ MALHEIROS OBRIGATORIO APONTAR O PROBLEMA MANUTENC?O CORRETIVA (FALHA/QUEBRA);Manutenção
2914;14/08/2024;CORRETIVA;116;116 - Extrusora;116 - Carnevalli monocamada;Carnevalli ;2015;OS GERADA AUTOMATICAMENTE POR ANDRE SOUZA DOS SANTOS OBRIGATORIO APONTAR O PROBLEMA MANUTENC?O CORRETIVA (FALHA/QUEBRA);Manutenção
2931;15/08/2024;CORRETIVA;117;117 - Extrusora;117 - Carnevalli monocamada;Carnevalli ;2016;OS GERADA AUTOMATICAMENTE POR GABRIEL GONCALVES SIMONETTI OBRIGATORIO APONTAR O PROBLEMA MANUTENC?O CORRETIVA (FALHA/QUEBRA);Manutenção
2932;15/08/2024;CORRETIVA;117;117 - Extrusora;117 - Carnevalli monocamada;Carnevalli ;2016;OS GERADA AUTOMATICAMENTE POR GABRIEL GONCALVES SIMONETTI OBRIGATORIO APONTAR O PROBLEMA MANUTENC?O CORRETIVA (FALHA/QUEBRA);Manutenção
2939;16/08/2024;CORRETIVA;506;506 - Rebobinadeira;;;2000;OS GERADA AUTOMATICAMENTE POR ALEX CALDEIRA MEDEIROS OBRIGATORIO APONTAR O PROBLEMA MANUTENC?O CORRETIVA (FALHA/QUEBRA);Manutenção
2942;16/08/2024;CORRETIVA;418;418 - Hece 850;HECE-850;HECE;2012;OS GERADA AUTOMATICAMENTE POR MARIA SUZANILDA DOS SANTOS SILVA  OBRIGATORIO APONTAR O PROBLEMA MANUTENC?O CORRETIVA (FALHA/QUEBRA);Manutenção
2949;17/08/2024;CORRETIVA;115;115 - Extrusora;115 - Carnevalli monocamada;Carnevalli ;2017;OS GERADA AUTOMATICAMENTE POR RAFAEL FERNANDO PINHEIRO OBRIGATORIO APONTAR O PROBLEMA MANUTENC?O CORRETIVA (FALHA/QUEBRA);Manutenção
2955;18/08/2024;CORRETIVA;115;115 - Extrusora;115 - Carnevalli monocamada;Carnevalli ;2017;OS GERADA AUTOMATICAMENTE POR IZAEL DA SILVA RODRIGUES OBRIGATORIO APONTAR O PROBLEMA MANUTENC?O CORRETIVA (FALHA/QUEBRA);Manutenção
2956;18/08/2024;CORRETIVA;115;115 - Extrusora;115 - Carnevalli monocamada;Carnevalli ;2017;OS GERADA AUTOMATICAMENTE POR IZAEL DA SILVA RODRIGUES OBRIGATORIO APONTAR O PROBLEMA MANUTENC?O CORRETIVA (FALHA/QUEBRA);Manutenção
2959;18/08/2024;CORRETIVA;115;115 - Extrusora;115 - Carnevalli monocamada;Carnevalli ;2017;OS GERADA AUTOMATICAMENTE POR IZAEL DA SILVA RODRIGUES OBRIGATORIO APONTAR O PROBLEMA MANUTENC?O CORRETIVA (FALHA/QUEBRA);Manutenção
2960;18/08/2024;CORRETIVA;501;501 - Jaguar rebobinadeira;Jaguar;MegaSteel ;2000;OS GERADA AUTOMATICAMENTE POR ERONILDO JOSE LINS DA SILVA OBRIGATORIO APONTAR O PROBLEMA MANUTENC?O CORRETIVA (FALHA/QUEBRA);Manutenção
2962;19/08/2024;CORRETIVA;113;113 - Extrusora;113 - Carnevalli monocamada;Carnevalli ;2020;OS GERADA AUTOMATICAMENTE POR ANDREA PEREIRA SOARES OBRIGATORIO APONTAR O PROBLEMA MANUTENC?O CORRETIVA (FALHA/QUEBRA);Manutenção
2965;19/08/2024;CORRETIVA;117;117 - Extrusora;117 - Carnevalli monocamada;Carnevalli ;2016;OS GERADA AUTOMATICAMENTE POR CARLOS EDUARDO FREITAS DE SOUZA OBRIGATORIO APONTAR O PROBLEMA MANUTENC?O CORRETIVA (FALHA/QUEBRA);Manutenção
2966;19/08/2024;CORRETIVA;117;117 - Extrusora;117 - Carnevalli monocamada;Carnevalli ;2016;OS GERADA AUTOMATICAMENTE POR CARLOS EDUARDO FREITAS DE SOUZA OBRIGATORIO APONTAR O PROBLEMA MANUTENC?O CORRETIVA (FALHA/QUEBRA);Manutenção
2967;19/08/2024;CORRETIVA;418;418 - Hece 850;HECE-850;HECE;2012;OS GERADA AUTOMATICAMENTE POR MARIA SUZANILDA DOS SANTOS SILVA  OBRIGATORIO APONTAR O PROBLEMA MANUTENC?O CORRETIVA (FALHA/QUEBRA);Manutenção
2968;19/08/2024;CORRETIVA;417;417 - Hece 1400;HECE-1400;HECE;2003;OS GERADA AUTOMATICAMENTE POR PAULO ROBERTO PACE OBRIGATORIO APONTAR O PROBLEMA MANUTENC?O CORRETIVA (FALHA/QUEBRA);Manutenção
2973;20/08/2024;CORRETIVA;416;416 - Hece 1400;HECE-1400;HECE;2003;OS GERADA AUTOMATICAMENTE POR GEILDA PEREIRA DE SOUZA OBRIGATORIO APONTAR O PROBLEMA MANUTENC?O CORRETIVA (FALHA/QUEBRA);Manutenção
2983;21/08/2024;CORRETIVA;417;417 - Hece 1400;HECE-1400;HECE;2003;OS GERADA AUTOMATICAMENTE POR PAULO ROBERTO PACE OBRIGATORIO APONTAR O PROBLEMA MANUTENC?O CORRETIVA (FALHA/QUEBRA);Manutenção
2984;21/08/2024;CORRETIVA;418;418 - Hece 850;HECE-850;HECE;2012;OS GERADA AUTOMATICAMENTE POR MARIA SUZANILDA DOS SANTOS SILVA  OBRIGATORIO APONTAR O PROBLEMA MANUTENC?O CORRETIVA (FALHA/QUEBRA);Manutenção
3041;22/08/2024;CORRETIVA;113;113 - Extrusora;113 - Carnevalli monocamada;Carnevalli ;2020;OS GERADA AUTOMATICAMENTE POR DEBORA ALVES BATISTA OBRIGATORIO APONTAR O PROBLEMA MANUTENC?O CORRETIVA (FALHA/QUEBRA);Manutenção
3042;22/08/2024;CORRETIVA;113;113 - Extrusora;113 - Carnevalli monocamada;Carnevalli ;2020;OS GERADA AUTOMATICAMENTE POR AGRICIO RODRIGUES OBRIGATORIO APONTAR O PROBLEMA MANUTENC?O CORRETIVA (FALHA/QUEBRA);Manutenção
3043;23/08/2024;CORRETIVA;507;507 - MegaSteel Rebobinadeira;;MegaSteel ;2000;OS GERADA AUTOMATICAMENTE POR JOSENIR FERNANDES DA SILVA OBRIGATORIO APONTAR O PROBLEMA MANUTENC?O CORRETIVA (FALHA/QUEBRA);Manutenção
3063;25/08/2024;CORRETIVA;108;108 - Extrusora;108 - Carnevalli monocamada;Carnevalli ;2008;OS GERADA AUTOMATICAMENTE POR IVANILDO NASCIMENTO DA SILVA OBRIGATORIO APONTAR O PROBLEMA MANUTENC?O CORRETIVA (FALHA/QUEBRA);Manutenção
3064;25/08/2024;CORRETIVA;113;113 - Extrusora;113 - Carnevalli monocamada;Carnevalli ;2020;OS GERADA AUTOMATICAMENTE POR MATHEUS FELIPE DA SILVA OBRIGATORIO APONTAR O PROBLEMA MANUTENC?O CORRETIVA (FALHA/QUEBRA);Manutenção
3066;26/08/2024;CORRETIVA;417;417 - Hece 1400;HECE-1400;HECE;2003;OS GERADA AUTOMATICAMENTE POR SERGIO PIRES OBRIGATORIO APONTAR O PROBLEMA MANUTENC?O CORRETIVA (FALHA/QUEBRA);Manutenção
3074;26/08/2024;CORRETIVA;115;115 - Extrusora;115 - Carnevalli monocamada;Carnevalli ;2017;OS GERADA AUTOMATICAMENTE POR IZAEL DA SILVA RODRIGUES OBRIGATORIO APONTAR O PROBLEMA MANUTENC?O CORRETIVA (FALHA/QUEBRA);Manutenção
3085;28/08/2024;CORRETIVA;116;116 - Extrusora;116 - Carnevalli monocamada;Carnevalli ;2015;OS GERADA AUTOMATICAMENTE POR JHONATAN MARQUES DOS SANTOS OBRIGATORIO APONTAR O PROBLEMA MANUTENC?O CORRETIVA (FALHA/QUEBRA);Manutenção
3087;28/08/2024;CORRETIVA;502;502 - Jaguar rebobinadeira;Jaguar;MegaSteel ;2000;OS GERADA AUTOMATICAMENTE POR MISAEL BORGES OBRIGATORIO APONTAR O PROBLEMA MANUTENC?O CORRETIVA (FALHA/QUEBRA);Manutenção
3095;29/08/2024;CORRETIVA;113;113 - Extrusora;113 - Carnevalli monocamada;Carnevalli ;2020;OS GERADA AUTOMATICAMENTE POR DEBORA ALVES BATISTA OBRIGATORIO APONTAR O PROBLEMA MANUTENC?O CORRETIVA (FALHA/QUEBRA);Manutenção
3096;29/08/2024;CORRETIVA;418;418 - Hece 850;HECE-850;HECE;2012;OS GERADA AUTOMATICAMENTE POR MARIA SUZANILDA DOS SANTOS SILVA  OBRIGATORIO APONTAR O PROBLEMA MANUTENC?O CORRETIVA (FALHA/QUEBRA);Manutenção
3104;30/08/2024;CORRETIVA;117;117 - Extrusora;117 - Carnevalli monocamada;Carnevalli ;2016;OS GERADA AUTOMATICAMENTE POR MICHAEL DE OLIVEIRA BATISTA OBRIGATORIO APONTAR O PROBLEMA MANUTENC?O CORRETIVA (FALHA/QUEBRA);Manutenção
3115;01/09/2024;CORRETIVA;116;116 - Extrusora;116 - Carnevalli monocamada;Carnevalli ;2015;OS GERADA AUTOMATICAMENTE POR ANDRE SOUZA DOS SANTOS OBRIGATORIO APONTAR O PROBLEMA MANUTENC?O CORRETIVA (FALHA/QUEBRA);Manutenção
3117;01/09/2024;CORRETIVA;116;116 - Extrusora;116 - Carnevalli monocamada;Carnevalli ;2015;OS GERADA AUTOMATICAMENTE POR ANDRE SOUZA DOS SANTOS OBRIGATORIO APONTAR O PROBLEMA MANUTENC?O CORRETIVA (FALHA/QUEBRA);Manutenção
3118;02/09/2024;CORRETIVA;113;113 - Extrusora;113 - Carnevalli monocamada;Carnevalli ;2020;OS GERADA AUTOMATICAMENTE POR ANDREA PEREIRA SOARES OBRIGATORIO APONTAR O PROBLEMA MANUTENC?O CORRETIVA (FALHA/QUEBRA);Manutenção
3177;03/09/2024;CORRETIVA;501;501 - Jaguar rebobinadeira;Jaguar;MegaSteel ;2000;OS GERADA AUTOMATICAMENTE POR ERONILDO JOSE LINS DA SILVA OBRIGATORIO APONTAR O PROBLEMA MANUTENC?O CORRETIVA (FALHA/QUEBRA);Manutenção
3184;04/09/2024;CORRETIVA;507;507 - MegaSteel Rebobinadeira;;MegaSteel ;2000;OS GERADA AUTOMATICAMENTE POR ALEX CALDEIRA MEDEIROS OBRIGATORIO APONTAR O PROBLEMA MANUTENC?O CORRETIVA (FALHA/QUEBRA);Manutenção
3198;06/09/2024;CORRETIVA;112;112 - Extrusora;112 - Carnevalli monocamada;Carnevalli ;2019;OS GERADA AUTOMATICAMENTE POR EDILAINE PEREIRA DE JESUS MARQUES OBRIGATORIO APONTAR O PROBLEMA MANUTENC?O CORRETIVA (FALHA/QUEBRA);Manutenção
3203;06/09/2024;CORRETIVA;116;116 - Extrusora;116 - Carnevalli monocamada;Carnevalli ;2015;OS GERADA AUTOMATICAMENTE POR VINIVIUS DE FREITA LIMA OBRIGATORIO APONTAR O PROBLEMA MANUTENC?O CORRETIVA (FALHA/QUEBRA);Manutenção
3206;07/09/2024;CORRETIVA;116;116 - Extrusora;116 - Carnevalli monocamada;Carnevalli ;2015;OS GERADA AUTOMATICAMENTE POR VINIVIUS DE FREITA LIMA OBRIGATORIO APONTAR O PROBLEMA MANUTENC?O CORRETIVA (FALHA/QUEBRA);Manutenção
3209;08/09/2024;CORRETIVA;116;116 - Extrusora;116 - Carnevalli monocamada;Carnevalli ;2015;OS GERADA AUTOMATICAMENTE POR CARLOS EDUARDO FREITAS DE SOUZA OBRIGATORIO APONTAR O PROBLEMA MANUTENC?O CORRETIVA (FALHA/QUEBRA);Manutenção
3212;08/09/2024;CORRETIVA;113;113 - Extrusora;113 - Carnevalli monocamada;Carnevalli ;2020;OS GERADA AUTOMATICAMENTE POR DEBORA ALVES BATISTA OBRIGATORIO APONTAR O PROBLEMA MANUTENC?O CORRETIVA (FALHA/QUEBRA);Manutenção
3215;09/09/2024;CORRETIVA;501;501 - Jaguar rebobinadeira;Jaguar;MegaSteel ;2000;OS GERADA AUTOMATICAMENTE POR DANILO RODRIGO SANTOS DA SILVA OBRIGATORIO APONTAR O PROBLEMA MANUTENC?O CORRETIVA (FALHA/QUEBRA);Manutenção
3223;09/09/2024;CORRETIVA;501;501 - Jaguar rebobinadeira;Jaguar;MegaSteel ;2000;OS GERADA AUTOMATICAMENTE POR CLAUDINEI AZEVEDO JUNIOR OBRIGATORIO APONTAR O PROBLEMA MANUTENC?O CORRETIVA (FALHA/QUEBRA);Manutenção
3224;09/09/2024;CORRETIVA;501;501 - Jaguar rebobinadeira;Jaguar;MegaSteel ;2000;OS GERADA AUTOMATICAMENTE POR CLAUDINEI AZEVEDO JUNIOR OBRIGATORIO APONTAR O PROBLEMA MANUTENC?O CORRETIVA (FALHA/QUEBRA);Manutenção
3225;09/09/2024;CORRETIVA;501;501 - Jaguar rebobinadeira;Jaguar;MegaSteel ;2000;OS GERADA AUTOMATICAMENTE POR CLAUDINEI AZEVEDO JUNIOR OBRIGATORIO APONTAR O PROBLEMA MANUTENC?O CORRETIVA (FALHA/QUEBRA);Manutenção
3234;11/09/2024;CORRETIVA;118;118- Extrusora;118 - Carnevalli monocamada;Carnevalli ;2021;OS GERADA AUTOMATICAMENTE POR GABRIEL LUIZ FERREIRA DA SILVA OBRIGATORIO APONTAR O PROBLEMA MANUTENC?O CORRETIVA (FALHA/QUEBRA);Manutenção
3238;12/09/2024;CORRETIVA;118;118- Extrusora;118 - Carnevalli monocamada;Carnevalli ;2021;OS GERADA AUTOMATICAMENTE POR FELIPE MORAIS JULIAO DA SILVA OBRIGATORIO APONTAR O PROBLEMA MANUTENC?O CORRETIVA (FALHA/QUEBRA);Manutenção
3261;12/09/2024;CORRETIVA;417;417 - Hece 1400;HECE-1400;HECE;2003;OS GERADA AUTOMATICAMENTE POR HELENO JO?O PESSOA OBRIGATORIO APONTAR O PROBLEMA MANUTENC?O CORRETIVA (FALHA/QUEBRA);Manutenção
3262;12/09/2024;CORRETIVA;406;406 - Hece1400;HECE-1400;HECE;2003;OS GERADA AUTOMATICAMENTE POR LUCIA ALVES DE LIMA BASTO OBRIGATORIO APONTAR O PROBLEMA MANUTENC?O CORRETIVA (FALHA/QUEBRA);Manutenção
3263;13/09/2024;CORRETIVA;416;416 - Hece 1400;HECE-1400;HECE;2003;OS GERADA AUTOMATICAMENTE POR GEILDA PEREIRA DE SOUZA OBRIGATORIO APONTAR O PROBLEMA MANUTENC?O CORRETIVA (FALHA/QUEBRA);Manutenção
3264;13/09/2024;CORRETIVA;501;501 - Jaguar rebobinadeira;Jaguar;MegaSteel ;2000;OS GERADA AUTOMATICAMENTE POR DANILO RODRIGO SANTOS DA SILVA OBRIGATORIO APONTAR O PROBLEMA MANUTENC?O CORRETIVA (FALHA/QUEBRA);Manutenção
3267;13/09/2024;CORRETIVA;413;413 - Polimaquinas;413 - Polimaquinas;POLIMAQUINAS;2017;OS GERADA AUTOMATICAMENTE POR RICARDO FERNANDES FELIX  OBRIGATORIO APONTAR O PROBLEMA MANUTENC?O CORRETIVA (FALHA/QUEBRA);Manutenção
3268;13/09/2024;CORRETIVA;413;413 - Polimaquinas;413 - Polimaquinas;POLIMAQUINAS;2017;OS GERADA AUTOMATICAMENTE POR RICARDO FERNANDES FELIX  OBRIGATORIO APONTAR O PROBLEMA MANUTENC?O CORRETIVA (FALHA/QUEBRA);Manutenção
3272;13/09/2024;CORRETIVA;417;417 - Hece 1400;HECE-1400;HECE;2003;OS GERADA AUTOMATICAMENTE POR HELENO JO?O PESSOA OBRIGATORIO APONTAR O PROBLEMA MANUTENC?O CORRETIVA (FALHA/QUEBRA);Manutenção
3273;13/09/2024;CORRETIVA;417;417 - Hece 1400;HECE-1400;HECE;2003;OS GERADA AUTOMATICAMENTE POR HELENO JO?O PESSOA OBRIGATORIO APONTAR O PROBLEMA MANUTENC?O CORRETIVA (FALHA/QUEBRA);Manutenção
3274;13/09/2024;CORRETIVA;417;417 - Hece 1400;HECE-1400;HECE;2003;OS GERADA AUTOMATICAMENTE POR HELENO JO?O PESSOA OBRIGATORIO APONTAR O PROBLEMA MANUTENC?O CORRETIVA (FALHA/QUEBRA);Manutenção
3275;13/09/2024;CORRETIVA;417;417 - Hece 1400;HECE-1400;HECE;2003;OS GERADA AUTOMATICAMENTE POR HELENO JO?O PESSOA OBRIGATORIO APONTAR O PROBLEMA MANUTENC?O CORRETIVA (FALHA/QUEBRA);Manutenção
3276;13/09/2024;CORRETIVA;417;417 - Hece 1400;HECE-1400;HECE;2003;OS GERADA AUTOMATICAMENTE POR HELENO JO?O PESSOA OBRIGATORIO APONTAR O PROBLEMA MANUTENC?O CORRETIVA (FALHA/QUEBRA);Manutenção
3278;14/09/2024;CORRETIVA;413;413 - Polimaquinas;413 - Polimaquinas;POLIMAQUINAS;2017;OS GERADA AUTOMATICAMENTE POR SERGIO PIRES OBRIGATORIO APONTAR O PROBLEMA MANUTENC?O CORRETIVA (FALHA/QUEBRA);Manutenção
3280;14/09/2024;CORRETIVA;505;505- Rebobinadeira;;;2000;OS GERADA AUTOMATICAMENTE POR PAULO EDUARDO PEREIRA DA FONSECA OBRIGATORIO APONTAR O PROBLEMA MANUTENC?O CORRETIVA (FALHA/QUEBRA);Manutenção
3282;16/09/2024;CORRETIVA;116;116 - Extrusora;116 - Carnevalli monocamada;Carnevalli ;2015;OS GERADA AUTOMATICAMENTE POR LEONARDO LUIZ RAMOS ROQUE OBRIGATORIO APONTAR O PROBLEMA MANUTENC?O CORRETIVA (FALHA/QUEBRA);Manutenção
3284;16/09/2024;CORRETIVA;416;416 - Hece 1400;HECE-1400;HECE;2003;OS GERADA AUTOMATICAMENTE POR GEILDA PEREIRA DE SOUZA OBRIGATORIO APONTAR O PROBLEMA MANUTENC?O CORRETIVA (FALHA/QUEBRA);Manutenção
3285;16/09/2024;CORRETIVA;501;501 - Jaguar rebobinadeira;Jaguar;MegaSteel ;2000;OS GERADA AUTOMATICAMENTE POR CLAUDINEI AZEVEDO JUNIOR OBRIGATORIO APONTAR O PROBLEMA MANUTENC?O CORRETIVA (FALHA/QUEBRA);Manutenção
3290;16/09/2024;CORRETIVA;108;108 - Extrusora;108 - Carnevalli monocamada;Carnevalli ;2008;OS GERADA AUTOMATICAMENTE POR MURILO FLORENCIO DE SANTANA OBRIGATORIO APONTAR O PROBLEMA MANUTENC?O CORRETIVA (FALHA/QUEBRA);Manutenção
3291;16/09/2024;CORRETIVA;417;417 - Hece 1400;HECE-1400;HECE;2003;OS GERADA AUTOMATICAMENTE POR HELENO JO?O PESSOA OBRIGATORIO APONTAR O PROBLEMA MANUTENC?O CORRETIVA (FALHA/QUEBRA);Manutenção
3294;17/09/2024;CORRETIVA;417;417 - Hece 1400;HECE-1400;HECE;2003;OS GERADA AUTOMATICAMENTE POR PAULO ROBERTO PACE OBRIGATORIO APONTAR O PROBLEMA MANUTENC?O CORRETIVA (FALHA/QUEBRA);Manutenção
3300;17/09/2024;CORRETIVA;417;417 - Hece 1400;HECE-1400;HECE;2003;OS GERADA AUTOMATICAMENTE POR HELENO JO?O PESSOA OBRIGATORIO APONTAR O PROBLEMA MANUTENC?O CORRETIVA (FALHA/QUEBRA);Manutenção
3301;17/09/2024;CORRETIVA;417;417 - Hece 1400;HECE-1400;HECE;2003;OS GERADA AUTOMATICAMENTE POR HELENO JO?O PESSOA OBRIGATORIO APONTAR O PROBLEMA MANUTENC?O CORRETIVA (FALHA/QUEBRA);Manutenção
3302;17/09/2024;CORRETIVA;417;417 - Hece 1400;HECE-1400;HECE;2003;OS GERADA AUTOMATICAMENTE POR HELENO JO?O PESSOA OBRIGATORIO APONTAR O PROBLEMA MANUTENC?O CORRETIVA (FALHA/QUEBRA);Manutenção
3303;18/09/2024;CORRETIVA;417;417 - Hece 1400;HECE-1400;HECE;2003;OS GERADA AUTOMATICAMENTE POR PAULO ROBERTO PACE OBRIGATORIO APONTAR O PROBLEMA MANUTENC?O CORRETIVA (FALHA/QUEBRA);Manutenção
3314;18/09/2024;CORRETIVA;417;417 - Hece 1400;HECE-1400;HECE;2003;OS GERADA AUTOMATICAMENTE POR HELENO JO?O PESSOA OBRIGATORIO APONTAR O PROBLEMA MANUTENC?O CORRETIVA (FALHA/QUEBRA);Manutenção
3318;19/09/2024;CORRETIVA;116;116 - Extrusora;116 - Carnevalli monocamada;Carnevalli ;2015;OS GERADA AUTOMATICAMENTE POR GUILHERME ARAUJO DOS SANTOS OBRIGATORIO APONTAR O PROBLEMA MANUTENC?O CORRETIVA (FALHA/QUEBRA);Manutenção
3322;19/09/2024;CORRETIVA;417;417 - Hece 1400;HECE-1400;HECE;2003;OS GERADA AUTOMATICAMENTE POR PAULO ROBERTO PACE OBRIGATORIO APONTAR O PROBLEMA MANUTENC?O CORRETIVA (FALHA/QUEBRA);Manutenção
3323;19/09/2024;CORRETIVA;417;417 - Hece 1400;HECE-1400;HECE;2003;OS GERADA AUTOMATICAMENTE POR PAULO ROBERTO PACE OBRIGATORIO APONTAR O PROBLEMA MANUTENC?O CORRETIVA (FALHA/QUEBRA);Manutenção
3342;20/09/2024;CORRETIVA;501;501 - Jaguar rebobinadeira;Jaguar;MegaSteel ;2000;OS GERADA AUTOMATICAMENTE POR ERONILDO JOSE LINS DA SILVA OBRIGATORIO APONTAR O PROBLEMA MANUTENC?O CORRETIVA (FALHA/QUEBRA);Manutenção
3343;20/09/2024;CORRETIVA;501;501 - Jaguar rebobinadeira;Jaguar;MegaSteel ;2000;OS GERADA AUTOMATICAMENTE POR ERONILDO JOSE LINS DA SILVA OBRIGATORIO APONTAR O PROBLEMA MANUTENC?O CORRETIVA (FALHA/QUEBRA);Manutenção
3344;20/09/2024;CORRETIVA;501;501 - Jaguar rebobinadeira;Jaguar;MegaSteel ;2000;OS GERADA AUTOMATICAMENTE POR DANILO RODRIGO SANTOS DA SILVA OBRIGATORIO APONTAR O PROBLEMA MANUTENC?O CORRETIVA (FALHA/QUEBRA);Manutenção
3397;21/09/2024;CORRETIVA;406;406 - Hece1400;HECE-1400;HECE;2003;OS GERADA AUTOMATICAMENTE POR DENILSON DA SILVA  OBRIGATORIO APONTAR O PROBLEMA MANUTENC?O CORRETIVA (FALHA/QUEBRA);Manutenção
3398;21/09/2024;CORRETIVA;416;416 - Hece 1400;HECE-1400;HECE;2003;OS GERADA AUTOMATICAMENTE POR GEILDA PEREIRA DE SOUZA OBRIGATORIO APONTAR O PROBLEMA MANUTENC?O CORRETIVA (FALHA/QUEBRA);Manutenção
3399;21/09/2024;CORRETIVA;413;413 - Polimaquinas;413 - Polimaquinas;POLIMAQUINAS;2017;OS GERADA AUTOMATICAMENTE POR VANIA CLAUDINA PEREIRA  OBRIGATORIO APONTAR O PROBLEMA MANUTENC?O CORRETIVA (FALHA/QUEBRA);Manutenção
3400;21/09/2024;CORRETIVA;417;417 - Hece 1400;HECE-1400;HECE;2003;OS GERADA AUTOMATICAMENTE POR HELENO JO?O PESSOA OBRIGATORIO APONTAR O PROBLEMA MANUTENC?O CORRETIVA (FALHA/QUEBRA);Manutenção
3401;21/09/2024;CORRETIVA;113;113 - Extrusora;113 - Carnevalli monocamada;Carnevalli ;2020;OS GERADA AUTOMATICAMENTE POR GABRIEL GONCALVES SIMONETTI OBRIGATORIO APONTAR O PROBLEMA MANUTENC?O CORRETIVA (FALHA/QUEBRA);Manutenção
3402;22/09/2024;CORRETIVA;116;116 - Extrusora;116 - Carnevalli monocamada;Carnevalli ;2015;OS GERADA AUTOMATICAMENTE POR LUCAS MOREIRA DE SANTANA DE JESUS OBRIGATORIO APONTAR O PROBLEMA MANUTENC?O CORRETIVA (FALHA/QUEBRA);Manutenção
3403;23/09/2024;CORRETIVA;115;115 - Extrusora;115 - Carnevalli monocamada;Carnevalli ;2017;OS GERADA AUTOMATICAMENTE POR ALEX FERNANDES RIBEIRO OBRIGATORIO APONTAR O PROBLEMA MANUTENC?O CORRETIVA (FALHA/QUEBRA);Manutenção
3416;23/09/2024;CORRETIVA;113;113 - Extrusora;113 - Carnevalli monocamada;Carnevalli ;2020;OS GERADA AUTOMATICAMENTE POR AGRICIO RODRIGUES OBRIGATORIO APONTAR O PROBLEMA MANUTENC?O CORRETIVA (FALHA/QUEBRA);Manutenção
3426;25/09/2024;CORRETIVA;117;117 - Extrusora;117 - Carnevalli monocamada;Carnevalli ;2016;OS GERADA AUTOMATICAMENTE POR MICHAEL DE OLIVEIRA BATISTA OBRIGATORIO APONTAR O PROBLEMA MANUTENC?O CORRETIVA (FALHA/QUEBRA);Manutenção
3427;25/09/2024;CORRETIVA;108;108 - Extrusora;108 - Carnevalli monocamada;Carnevalli ;2008;OS GERADA AUTOMATICAMENTE POR AGRICIO RODRIGUES OBRIGATORIO APONTAR O PROBLEMA MANUTENC?O CORRETIVA (FALHA/QUEBRA);Manutenção
3428;25/09/2024;CORRETIVA;117;117 - Extrusora;117 - Carnevalli monocamada;Carnevalli ;2016;OS GERADA AUTOMATICAMENTE POR MICHAEL DE OLIVEIRA BATISTA OBRIGATORIO APONTAR O PROBLEMA MANUTENC?O CORRETIVA (FALHA/QUEBRA);Manutenção
3434;26/09/2024;CORRETIVA;118;118- Extrusora;118 - Carnevalli monocamada;Carnevalli ;2021;OS GERADA AUTOMATICAMENTE POR FELIPE MORAIS JULIAO DA SILVA OBRIGATORIO APONTAR O PROBLEMA MANUTENC?O CORRETIVA (FALHA/QUEBRA);Manutenção
3435;26/09/2024;CORRETIVA;117;117 - Extrusora;117 - Carnevalli monocamada;Carnevalli ;2016;OS GERADA AUTOMATICAMENTE POR GABRIEL GONCALVES SIMONETTI OBRIGATORIO APONTAR O PROBLEMA MANUTENC?O CORRETIVA (FALHA/QUEBRA);Manutenção
3439;27/09/2024;CORRETIVA;117;117 - Extrusora;117 - Carnevalli monocamada;Carnevalli ;2016;OS GERADA AUTOMATICAMENTE POR MICHAEL DE OLIVEIRA BATISTA OBRIGATORIO APONTAR O PROBLEMA MANUTENC?O CORRETIVA (FALHA/QUEBRA);Manutenção
3440;27/09/2024;CORRETIVA;117;117 - Extrusora;117 - Carnevalli monocamada;Carnevalli ;2016;OS GERADA AUTOMATICAMENTE POR MICHAEL DE OLIVEIRA BATISTA OBRIGATORIO APONTAR O PROBLEMA MANUTENC?O CORRETIVA (FALHA/QUEBRA);Manutenção
3442;28/09/2024;CORRETIVA;112;112 - Extrusora;112 - Carnevalli monocamada;Carnevalli ;2019;OS GERADA AUTOMATICAMENTE POR EDILAINE PEREIRA DE JESUS MARQUES OBRIGATORIO APONTAR O PROBLEMA MANUTENC?O CORRETIVA (FALHA/QUEBRA);Manutenção
3451;30/09/2024;CORRETIVA;417;417 - Hece 1400;HECE-1400;HECE;2003;OS GERADA AUTOMATICAMENTE POR PAULO ROBERTO PACE OBRIGATORIO APONTAR O PROBLEMA MANUTENC?O CORRETIVA (FALHA/QUEBRA);Manutenção
3452;30/09/2024;CORRETIVA;117;117 - Extrusora;117 - Carnevalli monocamada;Carnevalli ;2016;OS GERADA AUTOMATICAMENTE POR GABRIEL GONCALVES SIMONETTI OBRIGATORIO APONTAR O PROBLEMA MANUTENC?O CORRETIVA (FALHA/QUEBRA);Manutenção
3453;30/09/2024;CORRETIVA;417;417 - Hece 1400;HECE-1400;HECE;2003;OS GERADA AUTOMATICAMENTE POR HELENO JO?O PESSOA OBRIGATORIO APONTAR O PROBLEMA MANUTENC?O CORRETIVA (FALHA/QUEBRA);Manutenção
3462;01/10/2024;CORRETIVA;506;506 - Rebobinadeira;;;2000;OS GERADA AUTOMATICAMENTE POR PAULO EDUARDO PEREIRA DA FONSECA OBRIGATORIO APONTAR O PROBLEMA MANUTENC?O CORRETIVA (FALHA/QUEBRA);Manutenção
3466;02/10/2024;CORRETIVA;506;506 - Rebobinadeira;;;2000;OS GERADA AUTOMATICAMENTE POR ALEX CALDEIRA MEDEIROS OBRIGATORIO APONTAR O PROBLEMA MANUTENC?O CORRETIVA (FALHA/QUEBRA);Manutenção
3467;02/10/2024;CORRETIVA;302;301-Comexi Laminadora;Comexi SL2 MB;Comexi;2018;OS GERADA AUTOMATICAMENTE POR ROBERTO RIBEIRO DE SOUZA OBRIGATORIO APONTAR O PROBLEMA MANUTENC?O CORRETIVA (FALHA/QUEBRA);Manutenção
3469;02/10/2024;CORRETIVA;506;506 - Rebobinadeira;;;2000;OS GERADA AUTOMATICAMENTE POR PAULO EDUARDO PEREIRA DA FONSECA OBRIGATORIO APONTAR O PROBLEMA MANUTENC?O CORRETIVA (FALHA/QUEBRA);Manutenção
3472;02/10/2024;CORRETIVA;506;506 - Rebobinadeira;;;2000;OS GERADA AUTOMATICAMENTE POR PAULO EDUARDO PEREIRA DA FONSECA OBRIGATORIO APONTAR O PROBLEMA MANUTENC?O CORRETIVA (FALHA/QUEBRA);Manutenção
3473;02/10/2024;CORRETIVA;506;506 - Rebobinadeira;;;2000;OS GERADA AUTOMATICAMENTE POR PAULO EDUARDO PEREIRA DA FONSECA OBRIGATORIO APONTAR O PROBLEMA MANUTENC?O CORRETIVA (FALHA/QUEBRA);Manutenção
3474;02/10/2024;CORRETIVA;506;506 - Rebobinadeira;;;2000;OS GERADA AUTOMATICAMENTE POR DANILO RODRIGO SANTOS DA SILVA OBRIGATORIO APONTAR O PROBLEMA MANUTENC?O CORRETIVA (FALHA/QUEBRA);Manutenção
3475;03/10/2024;CORRETIVA;112;112 - Extrusora;112 - Carnevalli monocamada;Carnevalli ;2019;OS GERADA AUTOMATICAMENTE POR KLEYTON DOUGLAS SANTOS FRAGOSO OBRIGATORIO APONTAR O PROBLEMA MANUTENC?O CORRETIVA (FALHA/QUEBRA);Manutenção
3481;03/10/2024;CORRETIVA;302;301-Comexi Laminadora;Comexi SL2 MB;Comexi;2018;OS GERADA AUTOMATICAMENTE POR ROBERTO RIBEIRO DE SOUZA OBRIGATORIO APONTAR O PROBLEMA MANUTENC?O CORRETIVA (FALHA/QUEBRA);Manutenção
3484;03/10/2024;CORRETIVA;116;116 - Extrusora;116 - Carnevalli monocamada;Carnevalli ;2015;OS GERADA AUTOMATICAMENTE POR GUILHERME ARAUJO DOS SANTOS OBRIGATORIO APONTAR O PROBLEMA MANUTENC?O CORRETIVA (FALHA/QUEBRA);Manutenção
3490;03/10/2024;CORRETIVA;406;406 - Hece1400;HECE-1400;HECE;2003;OS GERADA AUTOMATICAMENTE POR DENILSON DA SILVA  OBRIGATORIO APONTAR O PROBLEMA MANUTENC?O CORRETIVA (FALHA/QUEBRA);Manutenção
3491;04/10/2024;CORRETIVA;417;417 - Hece 1400;HECE-1400;HECE;2003;OS GERADA AUTOMATICAMENTE POR HELENO JO?O PESSOA OBRIGATORIO APONTAR O PROBLEMA MANUTENC?O CORRETIVA (FALHA/QUEBRA);Manutenção
3501;07/10/2024;CORRETIVA;301;301-Comexi Laminadora;Comexi SL2 MB;Comexi;2018;OS GERADA AUTOMATICAMENTE POR ROBERTO RIBEIRO DE SOUZA OBRIGATORIO APONTAR O PROBLEMA MANUTENC?O CORRETIVA (FALHA/QUEBRA);Manutenção
3508;07/10/2024;CORRETIVA;113;113 - Extrusora;113 - Carnevalli monocamada;Carnevalli ;2020;OS GERADA AUTOMATICAMENTE POR JHONATAN MARQUES DOS SANTOS OBRIGATORIO APONTAR O PROBLEMA MANUTENC?O CORRETIVA (FALHA/QUEBRA);Manutenção
3513;07/10/2024;CORRETIVA;113;113 - Extrusora;113 - Carnevalli monocamada;Carnevalli ;2020;OS GERADA AUTOMATICAMENTE POR IZAEL DA SILVA RODRIGUES OBRIGATORIO APONTAR O PROBLEMA MANUTENC?O CORRETIVA (FALHA/QUEBRA);Manutenção
3514;07/10/2024;CORRETIVA;113;113 - Extrusora;113 - Carnevalli monocamada;Carnevalli ;2020;OS GERADA AUTOMATICAMENTE POR IZAEL DA SILVA RODRIGUES OBRIGATORIO APONTAR O PROBLEMA MANUTENC?O CORRETIVA (FALHA/QUEBRA);Manutenção
3515;07/10/2024;CORRETIVA;502;502 - Jaguar rebobinadeira;Jaguar;MegaSteel ;2000;OS GERADA AUTOMATICAMENTE POR MISAEL BORGES OBRIGATORIO APONTAR O PROBLEMA MANUTENC?O CORRETIVA (FALHA/QUEBRA);Manutenção
3520;08/10/2024;CORRETIVA;416;416 - Hece 1400;HECE-1400;HECE;2003;OS GERADA AUTOMATICAMENTE POR GEILDA PEREIRA DE SOUZA OBRIGATORIO APONTAR O PROBLEMA MANUTENC?O CORRETIVA (FALHA/QUEBRA);Manutenção
3527;08/10/2024;CORRETIVA;108;108 - Extrusora;108 - Carnevalli monocamada;Carnevalli ;2008;OS GERADA AUTOMATICAMENTE POR LUCAS EDUARDO FERNANDES PINTO OBRIGATORIO APONTAR O PROBLEMA MANUTENC?O CORRETIVA (FALHA/QUEBRA);Manutenção
3528;09/10/2024;CORRETIVA;115;115 - Extrusora;115 - Carnevalli monocamada;Carnevalli ;2017;OS GERADA AUTOMATICAMENTE POR ALEX FERNANDES RIBEIRO OBRIGATORIO APONTAR O PROBLEMA MANUTENC?O CORRETIVA (FALHA/QUEBRA);Manutenção
3533;09/10/2024;CORRETIVA;108;108 - Extrusora;108 - Carnevalli monocamada;Carnevalli ;2008;OS GERADA AUTOMATICAMENTE POR IZAEL DA SILVA RODRIGUES OBRIGATORIO APONTAR O PROBLEMA MANUTENC?O CORRETIVA (FALHA/QUEBRA);Manutenção
3553;10/10/2024;CORRETIVA;417;417 - Hece 1400;HECE-1400;HECE;2003;OS GERADA AUTOMATICAMENTE POR PAULO ROBERTO PACE OBRIGATORIO APONTAR O PROBLEMA MANUTENC?O CORRETIVA (FALHA/QUEBRA);Manutenção
3557;11/10/2024;CORRETIVA;115;115 - Extrusora;115 - Carnevalli monocamada;Carnevalli ;2017;OS GERADA AUTOMATICAMENTE POR ALEX FERNANDES RIBEIRO OBRIGATORIO APONTAR O PROBLEMA MANUTENC?O CORRETIVA (FALHA/QUEBRA);Manutenção
3568;11/10/2024;CORRETIVA;413;413 - Polimaquinas;413 - Polimaquinas;POLIMAQUINAS;2017;OS GERADA AUTOMATICAMENTE POR RICARDO FERNANDES FELIX  OBRIGATORIO APONTAR O PROBLEMA MANUTENC?O CORRETIVA (FALHA/QUEBRA);Manutenção
3569;11/10/2024;CORRETIVA;413;413 - Polimaquinas;413 - Polimaquinas;POLIMAQUINAS;2017;OS GERADA AUTOMATICAMENTE POR RICARDO FERNANDES FELIX  OBRIGATORIO APONTAR O PROBLEMA MANUTENC?O CORRETIVA (FALHA/QUEBRA);Manutenção
3571;11/10/2024;CORRETIVA;118;118- Extrusora;118 - Carnevalli monocamada;Carnevalli ;2021;OS GERADA AUTOMATICAMENTE POR GABRIEL LUIZ FERREIRA DA SILVA OBRIGATORIO APONTAR O PROBLEMA MANUTENC?O CORRETIVA (FALHA/QUEBRA);Manutenção
3572;11/10/2024;CORRETIVA;413;413 - Polimaquinas;413 - Polimaquinas;POLIMAQUINAS;2017;OS GERADA AUTOMATICAMENTE POR RICARDO FERNANDES FELIX  OBRIGATORIO APONTAR O PROBLEMA MANUTENC?O CORRETIVA (FALHA/QUEBRA);Manutenção
3573;11/10/2024;CORRETIVA;417;417 - Hece 1400;HECE-1400;HECE;2003;OS GERADA AUTOMATICAMENTE POR HELENO JO?O PESSOA OBRIGATORIO APONTAR O PROBLEMA MANUTENC?O CORRETIVA (FALHA/QUEBRA);Manutenção
3589;14/10/2024;CORRETIVA;115;115 - Extrusora;115 - Carnevalli monocamada;Carnevalli ;2017;OS GERADA AUTOMATICAMENTE POR LUCAS EDUARDO FERNANDES PINTO OBRIGATORIO APONTAR O PROBLEMA MANUTENC?O CORRETIVA (FALHA/QUEBRA);Manutenção
3608;14/10/2024;CORRETIVA;115;115 - Extrusora;115 - Carnevalli monocamada;Carnevalli ;2017;OS GERADA AUTOMATICAMENTE POR LUCAS EDUARDO FERNANDES PINTO OBRIGATORIO APONTAR O PROBLEMA MANUTENC?O CORRETIVA (FALHA/QUEBRA);Manutenção
3609;14/10/2024;CORRETIVA;115;115 - Extrusora;115 - Carnevalli monocamada;Carnevalli ;2017;OS GERADA AUTOMATICAMENTE POR LUCAS EDUARDO FERNANDES PINTO OBRIGATORIO APONTAR O PROBLEMA MANUTENC?O CORRETIVA (FALHA/QUEBRA);Manutenção
3612;15/10/2024;CORRETIVA;417;417 - Hece 1400;HECE-1400;HECE;2003;OS GERADA AUTOMATICAMENTE POR SERGIO PIRES OBRIGATORIO APONTAR O PROBLEMA MANUTENC?O CORRETIVA (FALHA/QUEBRA);Manutenção
3615;15/10/2024;CORRETIVA;116;116 - Extrusora;116 - Carnevalli monocamada;Carnevalli ;2015;OS GERADA AUTOMATICAMENTE POR GUILHERME ARAUJO DOS SANTOS OBRIGATORIO APONTAR O PROBLEMA MANUTENC?O CORRETIVA (FALHA/QUEBRA);Manutenção
3623;15/10/2024;CORRETIVA;506;506 - Rebobinadeira;;;2000;OS GERADA AUTOMATICAMENTE POR PAULO EDUARDO PEREIRA DA FONSECA OBRIGATORIO APONTAR O PROBLEMA MANUTENC?O CORRETIVA (FALHA/QUEBRA);Manutenção
3624;15/10/2024;CORRETIVA;506;506 - Rebobinadeira;;;2000;OS GERADA AUTOMATICAMENTE POR PAULO EDUARDO PEREIRA DA FONSECA OBRIGATORIO APONTAR O PROBLEMA MANUTENC?O CORRETIVA (FALHA/QUEBRA);Manutenção
3630;16/10/2024;CORRETIVA;115;115 - Extrusora;115 - Carnevalli monocamada;Carnevalli ;2017;OS GERADA AUTOMATICAMENTE POR ALEX FERNANDES RIBEIRO OBRIGATORIO APONTAR O PROBLEMA MANUTENC?O CORRETIVA (FALHA/QUEBRA);Manutenção
3631;16/10/2024;CORRETIVA;118;118- Extrusora;118 - Carnevalli monocamada;Carnevalli ;2021;OS GERADA AUTOMATICAMENTE POR DAVID DA CRUZ MALHEIROS OBRIGATORIO APONTAR O PROBLEMA MANUTENC?O CORRETIVA (FALHA/QUEBRA);Manutenção
3645;16/10/2024;CORRETIVA;413;413 - Polimaquinas;413 - Polimaquinas;POLIMAQUINAS;2017;OS GERADA AUTOMATICAMENTE POR RICARDO FERNANDES FELIX  OBRIGATORIO APONTAR O PROBLEMA MANUTENC?O CORRETIVA (FALHA/QUEBRA);Manutenção
3647;16/10/2024;CORRETIVA;417;417 - Hece 1400;HECE-1400;HECE;2003;OS GERADA AUTOMATICAMENTE POR HELENO JO?O PESSOA OBRIGATORIO APONTAR O PROBLEMA MANUTENC?O CORRETIVA (FALHA/QUEBRA);Manutenção
3648;16/10/2024;CORRETIVA;115;115 - Extrusora;115 - Carnevalli monocamada;Carnevalli ;2017;OS GERADA AUTOMATICAMENTE POR ALEX FERNANDES RIBEIRO OBRIGATORIO APONTAR O PROBLEMA MANUTENC?O CORRETIVA (FALHA/QUEBRA);Manutenção
3656;17/10/2024;CORRETIVA;115;115 - Extrusora;115 - Carnevalli monocamada;Carnevalli ;2017;OS GERADA AUTOMATICAMENTE POR IZAEL DA SILVA RODRIGUES OBRIGATORIO APONTAR O PROBLEMA MANUTENC?O CORRETIVA (FALHA/QUEBRA);Manutenção
3660;17/10/2024;CORRETIVA;507;507 - MegaSteel Rebobinadeira;;MegaSteel ;2000;OS GERADA AUTOMATICAMENTE POR SILVANIO MOTA DE OLIVEIRA OBRIGATORIO APONTAR O PROBLEMA MANUTENC?O CORRETIVA (FALHA/QUEBRA);Manutenção
3661;17/10/2024;CORRETIVA;507;507 - MegaSteel Rebobinadeira;;MegaSteel ;2000;OS GERADA AUTOMATICAMENTE POR SILVANIO MOTA DE OLIVEIRA OBRIGATORIO APONTAR O PROBLEMA MANUTENC?O CORRETIVA (FALHA/QUEBRA);Manutenção
3662;17/10/2024;CORRETIVA;507;507 - MegaSteel Rebobinadeira;;MegaSteel ;2000;OS GERADA AUTOMATICAMENTE POR SILVANIO MOTA DE OLIVEIRA OBRIGATORIO APONTAR O PROBLEMA MANUTENC?O CORRETIVA (FALHA/QUEBRA);Manutenção
3672;17/10/2024;CORRETIVA;117;117 - Extrusora;117 - Carnevalli monocamada;Carnevalli ;2016;OS GERADA AUTOMATICAMENTE POR MICHAEL DE OLIVEIRA BATISTA OBRIGATORIO APONTAR O PROBLEMA MANUTENC?O CORRETIVA (FALHA/QUEBRA);Manutenção
3673;17/10/2024;CORRETIVA;506;506 - Rebobinadeira;;;2000;OS GERADA AUTOMATICAMENTE POR PAULO EDUARDO PEREIRA DA FONSECA OBRIGATORIO APONTAR O PROBLEMA MANUTENC?O CORRETIVA (FALHA/QUEBRA);Manutenção
3674;18/10/2024;CORRETIVA;115;115 - Extrusora;115 - Carnevalli monocamada;Carnevalli ;2017;OS GERADA AUTOMATICAMENTE POR LINEKER FELIPE DE ANDRADE GRECCO OBRIGATORIO APONTAR O PROBLEMA MANUTENC?O CORRETIVA (FALHA/QUEBRA);Manutenção
3688;18/10/2024;CORRETIVA;506;506 - Rebobinadeira;;;2000;OS GERADA AUTOMATICAMENTE POR PAULO EDUARDO PEREIRA DA FONSECA OBRIGATORIO APONTAR O PROBLEMA MANUTENC?O CORRETIVA (FALHA/QUEBRA);Manutenção
3713;18/10/2024;CORRETIVA;502;502 - Jaguar rebobinadeira;Jaguar;MegaSteel ;2000;OS GERADA AUTOMATICAMENTE POR MISAEL BORGES OBRIGATORIO APONTAR O PROBLEMA MANUTENC?O CORRETIVA (FALHA/QUEBRA);Manutenção
3716;19/10/2024;CORRETIVA;506;506 - Rebobinadeira;;;2000;OS GERADA AUTOMATICAMENTE POR PAULO EDUARDO PEREIRA DA FONSECA OBRIGATORIO APONTAR O PROBLEMA MANUTENC?O CORRETIVA (FALHA/QUEBRA);Manutenção
3717;19/10/2024;CORRETIVA;207;207 - Comexi 8 cores;Comexi-F2MB-F21020;Comexi;2003;OS GERADA AUTOMATICAMENTE POR YURI FIRMANI NAPOLE?O OBRIGATORIO APONTAR O PROBLEMA MANUTENC?O CORRETIVA (FALHA/QUEBRA);Manutenção
3719;21/10/2024;CORRETIVA;112;112 - Extrusora;112 - Carnevalli monocamada;Carnevalli ;2019;OS GERADA AUTOMATICAMENTE POR ELIEL ODACI DE MELO OBRIGATORIO APONTAR O PROBLEMA MANUTENC?O CORRETIVA (FALHA/QUEBRA);Manutenção
3739;21/10/2024;CORRETIVA;506;506 - Rebobinadeira;;;2000;OS GERADA AUTOMATICAMENTE POR PAULO EDUARDO PEREIRA DA FONSECA OBRIGATORIO APONTAR O PROBLEMA MANUTENC?O CORRETIVA (FALHA/QUEBRA);Manutenção
3740;21/10/2024;CORRETIVA;506;506 - Rebobinadeira;;;2000;OS GERADA AUTOMATICAMENTE POR PAULO EDUARDO PEREIRA DA FONSECA OBRIGATORIO APONTAR O PROBLEMA MANUTENC?O CORRETIVA (FALHA/QUEBRA);Manutenção
3741;21/10/2024;CORRETIVA;506;506 - Rebobinadeira;;;2000;OS GERADA AUTOMATICAMENTE POR PAULO EDUARDO PEREIRA DA FONSECA OBRIGATORIO APONTAR O PROBLEMA MANUTENC?O CORRETIVA (FALHA/QUEBRA);Manutenção
3742;21/10/2024;CORRETIVA;506;506 - Rebobinadeira;;;2000;OS GERADA AUTOMATICAMENTE POR PAULO EDUARDO PEREIRA DA FONSECA OBRIGATORIO APONTAR O PROBLEMA MANUTENC?O CORRETIVA (FALHA/QUEBRA);Manutenção
3743;21/10/2024;CORRETIVA;417;417 - Hece 1400;HECE-1400;HECE;2003;OS GERADA AUTOMATICAMENTE POR HELENO JO?O PESSOA OBRIGATORIO APONTAR O PROBLEMA MANUTENC?O CORRETIVA (FALHA/QUEBRA);Manutenção
3751;22/10/2024;CORRETIVA;501;501 - Jaguar rebobinadeira;Jaguar;MegaSteel ;2000;OS GERADA AUTOMATICAMENTE POR ALEX CALDEIRA MEDEIROS OBRIGATORIO APONTAR O PROBLEMA MANUTENC?O CORRETIVA (FALHA/QUEBRA);Manutenção
3754;22/10/2024;CORRETIVA;501;501 - Jaguar rebobinadeira;Jaguar;MegaSteel ;2000;OS GERADA AUTOMATICAMENTE POR ALEX CALDEIRA MEDEIROS OBRIGATORIO APONTAR O PROBLEMA MANUTENC?O CORRETIVA (FALHA/QUEBRA);Manutenção
3765;22/10/2024;CORRETIVA;417;417 - Hece 1400;HECE-1400;HECE;2003;OS GERADA AUTOMATICAMENTE POR HELENO JO?O PESSOA OBRIGATORIO APONTAR O PROBLEMA MANUTENC?O CORRETIVA (FALHA/QUEBRA);Manutenção
3766;22/10/2024;CORRETIVA;417;417 - Hece 1400;HECE-1400;HECE;2003;OS GERADA AUTOMATICAMENTE POR HELENO JO?O PESSOA OBRIGATORIO APONTAR O PROBLEMA MANUTENC?O CORRETIVA (FALHA/QUEBRA);Manutenção
3768;23/10/2024;CORRETIVA;502;502 - Jaguar rebobinadeira;Jaguar;MegaSteel ;2000;OS GERADA AUTOMATICAMENTE POR DANIEL FERRARI OBRIGATORIO APONTAR O PROBLEMA MANUTENC?O CORRETIVA (FALHA/QUEBRA);Manutenção
3769;23/10/2024;CORRETIVA;507;507 - MegaSteel Rebobinadeira;;MegaSteel ;2000;OS GERADA AUTOMATICAMENTE POR DANIEL FERRARI OBRIGATORIO APONTAR O PROBLEMA MANUTENC?O CORRETIVA (FALHA/QUEBRA);Manutenção
3772;23/10/2024;CORRETIVA;507;507 - MegaSteel Rebobinadeira;;MegaSteel ;2000;OS GERADA AUTOMATICAMENTE POR DANIEL FERRARI OBRIGATORIO APONTAR O PROBLEMA MANUTENC?O CORRETIVA (FALHA/QUEBRA);Manutenção
3791;23/10/2024;CORRETIVA;418;418 - Hece 850;HECE-850;HECE;2012;OS GERADA AUTOMATICAMENTE POR RICARDO FERNANDES FELIX  OBRIGATORIO APONTAR O PROBLEMA MANUTENC?O CORRETIVA (FALHA/QUEBRA);Manutenção
3792;23/10/2024;CORRETIVA;506;506 - Rebobinadeira;;;2000;OS GERADA AUTOMATICAMENTE POR PAULO EDUARDO PEREIRA DA FONSECA OBRIGATORIO APONTAR O PROBLEMA MANUTENC?O CORRETIVA (FALHA/QUEBRA);Manutenção
3793;23/10/2024;CORRETIVA;506;506 - Rebobinadeira;;;2000;OS GERADA AUTOMATICAMENTE POR SAMUEL PEDROSA DA SILVA OBRIGATORIO APONTAR O PROBLEMA MANUTENC?O CORRETIVA (FALHA/QUEBRA);Manutenção
3795;23/10/2024;CORRETIVA;112;112 - Extrusora;112 - Carnevalli monocamada;Carnevalli ;2019;OS GERADA AUTOMATICAMENTE POR LUCIANA ABREU DA SILVA OBRIGATORIO APONTAR O PROBLEMA MANUTENC?O CORRETIVA (FALHA/QUEBRA);Manutenção
3796;23/10/2024;CORRETIVA;302;301-Comexi Laminadora;Comexi SL2 MB;Comexi;2018;OS GERADA AUTOMATICAMENTE POR LUCAS PERAL OBRIGATORIO APONTAR O PROBLEMA MANUTENC?O CORRETIVA (FALHA/QUEBRA);Manutenção
3803;24/10/2024;CORRETIVA;417;417 - Hece 1400;HECE-1400;HECE;2003;OS GERADA AUTOMATICAMENTE POR MARIA SUZANILDA DOS SANTOS SILVA  OBRIGATORIO APONTAR O PROBLEMA MANUTENC?O CORRETIVA (FALHA/QUEBRA);Manutenção
3814;25/10/2024;CORRETIVA;502;502 - Jaguar rebobinadeira;Jaguar;MegaSteel ;2000;OS GERADA AUTOMATICAMENTE POR MISAEL BORGES OBRIGATORIO APONTAR O PROBLEMA MANUTENC?O CORRETIVA (FALHA/QUEBRA);Manutenção
3831;25/10/2024;CORRETIVA;418;418 - Hece 850;HECE-850;HECE;2012;OS GERADA AUTOMATICAMENTE POR HELENO JO?O PESSOA OBRIGATORIO APONTAR O PROBLEMA MANUTENC?O CORRETIVA (FALHA/QUEBRA);Manutenção
3833;26/10/2024;CORRETIVA;501;501 - Jaguar rebobinadeira;Jaguar;MegaSteel ;2000;OS GERADA AUTOMATICAMENTE POR ERONILDO JOSE LINS DA SILVA OBRIGATORIO APONTAR O PROBLEMA MANUTENC?O CORRETIVA (FALHA/QUEBRA);Manutenção
3835;26/10/2024;CORRETIVA;115;115 - Extrusora;115 - Carnevalli monocamada;Carnevalli ;2017;OS GERADA AUTOMATICAMENTE POR LINEKER FELIPE DE ANDRADE GRECCO OBRIGATORIO APONTAR O PROBLEMA MANUTENC?O CORRETIVA (FALHA/QUEBRA);Manutenção
3839;26/10/2024;CORRETIVA;116;116 - Extrusora;116 - Carnevalli monocamada;Carnevalli ;2015;OS GERADA AUTOMATICAMENTE POR GABRIEL CORREIA DA SILVA OBRIGATORIO APONTAR O PROBLEMA MANUTENC?O CORRETIVA (FALHA/QUEBRA);Manutenção
3841;26/10/2024;CORRETIVA;506;506 - Rebobinadeira;;;2000;OS GERADA AUTOMATICAMENTE POR PAULO EDUARDO PEREIRA DA FONSECA OBRIGATORIO APONTAR O PROBLEMA MANUTENC?O CORRETIVA (FALHA/QUEBRA);Manutenção
3842;26/10/2024;CORRETIVA;506;506 - Rebobinadeira;;;2000;OS GERADA AUTOMATICAMENTE POR PAULO EDUARDO PEREIRA DA FONSECA OBRIGATORIO APONTAR O PROBLEMA MANUTENC?O CORRETIVA (FALHA/QUEBRA);Manutenção
3843;26/10/2024;CORRETIVA;506;506 - Rebobinadeira;;;2000;OS GERADA AUTOMATICAMENTE POR PAULO EDUARDO PEREIRA DA FONSECA OBRIGATORIO APONTAR O PROBLEMA MANUTENC?O CORRETIVA (FALHA/QUEBRA);Manutenção
3848;27/10/2024;CORRETIVA;112;112 - Extrusora;112 - Carnevalli monocamada;Carnevalli ;2019;OS GERADA AUTOMATICAMENTE POR ELIEL ODACI DE MELO OBRIGATORIO APONTAR O PROBLEMA MANUTENC?O CORRETIVA (FALHA/QUEBRA);Manutenção
3858;27/10/2024;CORRETIVA;118;118- Extrusora;118 - Carnevalli monocamada;Carnevalli ;2021;OS GERADA AUTOMATICAMENTE POR GABRIEL LUIZ FERREIRA DA SILVA OBRIGATORIO APONTAR O PROBLEMA MANUTENC?O CORRETIVA (FALHA/QUEBRA);Manutenção
3859;27/10/2024;CORRETIVA;118;118- Extrusora;118 - Carnevalli monocamada;Carnevalli ;2021;OS GERADA AUTOMATICAMENTE POR GABRIEL LUIZ FERREIRA DA SILVA OBRIGATORIO APONTAR O PROBLEMA MANUTENC?O CORRETIVA (FALHA/QUEBRA);Manutenção
3860;28/10/2024;CORRETIVA;502;502 - Jaguar rebobinadeira;Jaguar;MegaSteel ;2000;OS GERADA AUTOMATICAMENTE POR MISAEL BORGES OBRIGATORIO APONTAR O PROBLEMA MANUTENC?O CORRETIVA (FALHA/QUEBRA);Manutenção
3875;28/10/2024;CORRETIVA;118;118- Extrusora;118 - Carnevalli monocamada;Carnevalli ;2021;OS GERADA AUTOMATICAMENTE POR FELIPE MORAIS JULIAO DA SILVA OBRIGATORIO APONTAR O PROBLEMA MANUTENC?O CORRETIVA (FALHA/QUEBRA);Manutenção
3876;29/10/2024;CORRETIVA;501;501 - Jaguar rebobinadeira;Jaguar;MegaSteel ;2000;OS GERADA AUTOMATICAMENTE POR JOSE RIAN MENDONCA DA SILVA OBRIGATORIO APONTAR O PROBLEMA MANUTENC?O CORRETIVA (FALHA/QUEBRA);Manutenção
3882;29/10/2024;CORRETIVA;116;116 - Extrusora;116 - Carnevalli monocamada;Carnevalli ;2015;OS GERADA AUTOMATICAMENTE POR GUILHERME ARAUJO DOS SANTOS OBRIGATORIO APONTAR O PROBLEMA MANUTENC?O CORRETIVA (FALHA/QUEBRA);Manutenção
3894;30/10/2024;CORRETIVA;115;115 - Extrusora;115 - Carnevalli monocamada;Carnevalli ;2017;OS GERADA AUTOMATICAMENTE POR LINEKER FELIPE DE ANDRADE GRECCO OBRIGATORIO APONTAR O PROBLEMA MANUTENC?O CORRETIVA (FALHA/QUEBRA);Manutenção
3895;30/10/2024;CORRETIVA;115;115 - Extrusora;115 - Carnevalli monocamada;Carnevalli ;2017;OS GERADA AUTOMATICAMENTE POR LINEKER FELIPE DE ANDRADE GRECCO OBRIGATORIO APONTAR O PROBLEMA MANUTENC?O CORRETIVA (FALHA/QUEBRA);Manutenção
3903;30/10/2024;CORRETIVA;117;117 - Extrusora;117 - Carnevalli monocamada;Carnevalli ;2016;OS GERADA AUTOMATICAMENTE POR GABRIEL GONCALVES SIMONETTI OBRIGATORIO APONTAR O PROBLEMA MANUTENC?O CORRETIVA (FALHA/QUEBRA);Manutenção
3904;30/10/2024;CORRETIVA;117;117 - Extrusora;117 - Carnevalli monocamada;Carnevalli ;2016;OS GERADA AUTOMATICAMENTE POR GABRIEL GONCALVES SIMONETTI OBRIGATORIO APONTAR O PROBLEMA MANUTENC?O CORRETIVA (FALHA/QUEBRA);Manutenção
3906;31/10/2024;CORRETIVA;501;501 - Jaguar rebobinadeira;Jaguar;MegaSteel ;2000;OS GERADA AUTOMATICAMENTE POR JOSE RIAN MENDONCA DA SILVA OBRIGATORIO APONTAR O PROBLEMA MANUTENC?O CORRETIVA (FALHA/QUEBRA);Manutenção
3910;31/10/2024;CORRETIVA;113;113 - Extrusora;113 - Carnevalli monocamada;Carnevalli ;2020;OS GERADA AUTOMATICAMENTE POR IZAEL DA SILVA RODRIGUES OBRIGATORIO APONTAR O PROBLEMA MANUTENC?O CORRETIVA (FALHA/QUEBRA);Manutenção
3947;31/10/2024;CORRETIVA;417;417 - Hece 1400;HECE-1400;HECE;2003;OS GERADA AUTOMATICAMENTE POR HELENO JO?O PESSOA OBRIGATORIO APONTAR O PROBLEMA MANUTENC?O CORRETIVA (FALHA/QUEBRA);Manutenção
3948;31/10/2024;CORRETIVA;502;502 - Jaguar rebobinadeira;Jaguar;MegaSteel ;2000;OS GERADA AUTOMATICAMENTE POR MISAEL BORGES OBRIGATORIO APONTAR O PROBLEMA MANUTENC?O CORRETIVA (FALHA/QUEBRA);Manutenção
3949;01/11/2024;CORRETIVA;301;301-Comexi Laminadora;Comexi SL2 MB;Comexi;2018;OS GERADA AUTOMATICAMENTE POR SANDRO GASPARINI OBRIGATORIO APONTAR O PROBLEMA MANUTENC?O CORRETIVA (FALHA/QUEBRA);Manutenção
3959;01/11/2024;CORRETIVA;116;116 - Extrusora;116 - Carnevalli monocamada;Carnevalli ;2015;OS GERADA AUTOMATICAMENTE POR DEBORA ALVES BATISTA OBRIGATORIO APONTAR O PROBLEMA MANUTENC?O CORRETIVA (FALHA/QUEBRA);Manutenção
3962;01/11/2024;CORRETIVA;413;413 - Polimaquinas;413 - Polimaquinas;POLIMAQUINAS;2017;OS GERADA AUTOMATICAMENTE POR RICARDO FERNANDES FELIX  OBRIGATORIO APONTAR O PROBLEMA MANUTENC?O CORRETIVA (FALHA/QUEBRA);Manutenção
3971;02/11/2024;CORRETIVA;116;116 - Extrusora;116 - Carnevalli monocamada;Carnevalli ;2015;OS GERADA AUTOMATICAMENTE POR GUILHERME ARAUJO DOS SANTOS OBRIGATORIO APONTAR O PROBLEMA MANUTENC?O CORRETIVA (FALHA/QUEBRA);Manutenção
3972;03/11/2024;CORRETIVA;502;502 - Jaguar rebobinadeira;Jaguar;MegaSteel ;2000;OS GERADA AUTOMATICAMENTE POR MISAEL BORGES OBRIGATORIO APONTAR O PROBLEMA MANUTENC?O CORRETIVA (FALHA/QUEBRA);Manutenção
3974;04/11/2024;CORRETIVA;506;506 - Rebobinadeira;;;2000;OS GERADA AUTOMATICAMENTE POR ALEX CALDEIRA MEDEIROS OBRIGATORIO APONTAR O PROBLEMA MANUTENC?O CORRETIVA (FALHA/QUEBRA);Manutenção
3982;04/11/2024;CORRETIVA;108;108 - Extrusora;108 - Carnevalli monocamada;Carnevalli ;2008;OS GERADA AUTOMATICAMENTE POR AGRICIO RODRIGUES OBRIGATORIO APONTAR O PROBLEMA MANUTENC?O CORRETIVA (FALHA/QUEBRA);Manutenção
3987;05/11/2024;CORRETIVA;502;502 - Jaguar rebobinadeira;Jaguar;MegaSteel ;2000;OS GERADA AUTOMATICAMENTE POR MISAEL BORGES OBRIGATORIO APONTAR O PROBLEMA MANUTENC?O CORRETIVA (FALHA/QUEBRA);Manutenção
3996;05/11/2024;CORRETIVA;112;112 - Extrusora;112 - Carnevalli monocamada;Carnevalli ;2019;OS GERADA AUTOMATICAMENTE POR FELIPE MORAIS JULIAO DA SILVA OBRIGATORIO APONTAR O PROBLEMA MANUTENC?O CORRETIVA (FALHA/QUEBRA);Manutenção
4001;06/11/2024;CORRETIVA;506;506 - Rebobinadeira;;;2000;OS GERADA AUTOMATICAMENTE POR ALEX CALDEIRA MEDEIROS OBRIGATORIO APONTAR O PROBLEMA MANUTENC?O CORRETIVA (FALHA/QUEBRA);Manutenção
4002;06/11/2024;CORRETIVA;506;506 - Rebobinadeira;;;2000;OS GERADA AUTOMATICAMENTE POR ALEX CALDEIRA MEDEIROS OBRIGATORIO APONTAR O PROBLEMA MANUTENC?O CORRETIVA (FALHA/QUEBRA);Manutenção
4008;06/11/2024;CORRETIVA;418;418 - Hece 850;HECE-850;HECE;2012;OS GERADA AUTOMATICAMENTE POR JANAINA CRISTINA DE LIMA SILVA OBRIGATORIO APONTAR O PROBLEMA MANUTENC?O CORRETIVA (FALHA/QUEBRA);Manutenção
4033;07/11/2024;CORRETIVA;112;112 - Extrusora;112 - Carnevalli monocamada;Carnevalli ;2019;OS GERADA AUTOMATICAMENTE POR FELIPE MORAIS JULIAO DA SILVA OBRIGATORIO APONTAR O PROBLEMA MANUTENC?O CORRETIVA (FALHA/QUEBRA);Manutenção
4034;07/11/2024;CORRETIVA;117;117 - Extrusora;117 - Carnevalli monocamada;Carnevalli ;2016;OS GERADA AUTOMATICAMENTE POR GABRIEL GONCALVES SIMONETTI OBRIGATORIO APONTAR O PROBLEMA MANUTENC?O CORRETIVA (FALHA/QUEBRA);Manutenção
4035;07/11/2024;CORRETIVA;112;112 - Extrusora;112 - Carnevalli monocamada;Carnevalli ;2019;OS GERADA AUTOMATICAMENTE POR MATHEUS FELIPE DA SILVA OBRIGATORIO APONTAR O PROBLEMA MANUTENC?O CORRETIVA (FALHA/QUEBRA);Manutenção
4046;08/11/2024;CORRETIVA;108;108 - Extrusora;108 - Carnevalli monocamada;Carnevalli ;2008;OS GERADA AUTOMATICAMENTE POR AGRICIO RODRIGUES OBRIGATORIO APONTAR O PROBLEMA MANUTENC?O CORRETIVA (FALHA/QUEBRA);Manutenção
4049;09/11/2024;CORRETIVA;117;117 - Extrusora;117 - Carnevalli monocamada;Carnevalli ;2016;OS GERADA AUTOMATICAMENTE POR GABRIEL GONCALVES SIMONETTI OBRIGATORIO APONTAR O PROBLEMA MANUTENC?O CORRETIVA (FALHA/QUEBRA);Manutenção
4050;09/11/2024;CORRETIVA;117;117 - Extrusora;117 - Carnevalli monocamada;Carnevalli ;2016;OS GERADA AUTOMATICAMENTE POR GABRIEL GONCALVES SIMONETTI OBRIGATORIO APONTAR O PROBLEMA MANUTENC?O CORRETIVA (FALHA/QUEBRA);Manutenção
4051;09/11/2024;CORRETIVA;117;117 - Extrusora;117 - Carnevalli monocamada;Carnevalli ;2016;OS GERADA AUTOMATICAMENTE POR DEBORA ALVES BATISTA OBRIGATORIO APONTAR O PROBLEMA MANUTENC?O CORRETIVA (FALHA/QUEBRA);Manutenção
4053;10/11/2024;CORRETIVA;112;112 - Extrusora;112 - Carnevalli monocamada;Carnevalli ;2019;OS GERADA AUTOMATICAMENTE POR ELIEL ODACI DE MELO OBRIGATORIO APONTAR O PROBLEMA MANUTENC?O CORRETIVA (FALHA/QUEBRA);Manutenção
4054;10/11/2024;CORRETIVA;117;117 - Extrusora;117 - Carnevalli monocamada;Carnevalli ;2016;OS GERADA AUTOMATICAMENTE POR MATHEUS FELIPE DA SILVA OBRIGATORIO APONTAR O PROBLEMA MANUTENC?O CORRETIVA (FALHA/QUEBRA);Manutenção
4055;10/11/2024;CORRETIVA;112;112 - Extrusora;112 - Carnevalli monocamada;Carnevalli ;2019;OS GERADA AUTOMATICAMENTE POR LUCIANA ABREU DA SILVA OBRIGATORIO APONTAR O PROBLEMA MANUTENC?O CORRETIVA (FALHA/QUEBRA);Manutenção
4056;10/11/2024;CORRETIVA;112;112 - Extrusora;112 - Carnevalli monocamada;Carnevalli ;2019;OS GERADA AUTOMATICAMENTE POR LUCIANA ABREU DA SILVA OBRIGATORIO APONTAR O PROBLEMA MANUTENC?O CORRETIVA (FALHA/QUEBRA);Manutenção
4070;11/11/2024;CORRETIVA;417;417 - Hece 1400;HECE-1400;HECE;2003;OS GERADA AUTOMATICAMENTE POR HELENO JO?O PESSOA OBRIGATORIO APONTAR O PROBLEMA MANUTENC?O CORRETIVA (FALHA/QUEBRA);Manutenção
4071;11/11/2024;CORRETIVA;417;417 - Hece 1400;HECE-1400;HECE;2003;OS GERADA AUTOMATICAMENTE POR HELENO JO?O PESSOA OBRIGATORIO APONTAR O PROBLEMA MANUTENC?O CORRETIVA (FALHA/QUEBRA);Manutenção
4072;12/11/2024;CORRETIVA;116;116 - Extrusora;116 - Carnevalli monocamada;Carnevalli ;2015;OS GERADA AUTOMATICAMENTE POR MATHEUS FELIPE DA SILVA OBRIGATORIO APONTAR O PROBLEMA MANUTENC?O CORRETIVA (FALHA/QUEBRA);Manutenção
4089;12/11/2024;CORRETIVA;116;116 - Extrusora;116 - Carnevalli monocamada;Carnevalli ;2015;OS GERADA AUTOMATICAMENTE POR GUILHERME ARAUJO DOS SANTOS OBRIGATORIO APONTAR O PROBLEMA MANUTENC?O CORRETIVA (FALHA/QUEBRA);Manutenção
4090;12/11/2024;CORRETIVA;417;417 - Hece 1400;HECE-1400;HECE;2003;OS GERADA AUTOMATICAMENTE POR HELENO JO?O PESSOA OBRIGATORIO APONTAR O PROBLEMA MANUTENC?O CORRETIVA (FALHA/QUEBRA);Manutenção
4113;13/11/2024;CORRETIVA;118;118- Extrusora;118 - Carnevalli monocamada;Carnevalli ;2021;OS GERADA AUTOMATICAMENTE POR FELIPE MORAIS JULIAO DA SILVA OBRIGATORIO APONTAR O PROBLEMA MANUTENC?O CORRETIVA (FALHA/QUEBRA);Manutenção
4114;13/11/2024;CORRETIVA;417;417 - Hece 1400;HECE-1400;HECE;2003;OS GERADA AUTOMATICAMENTE POR HELENO JO?O PESSOA OBRIGATORIO APONTAR O PROBLEMA MANUTENC?O CORRETIVA (FALHA/QUEBRA);Manutenção
4115;14/11/2024;CORRETIVA;506;506 - Rebobinadeira;;;2000;OS GERADA AUTOMATICAMENTE POR ALEX CALDEIRA MEDEIROS OBRIGATORIO APONTAR O PROBLEMA MANUTENC?O CORRETIVA (FALHA/QUEBRA);Manutenção
4116;14/11/2024;CORRETIVA;506;506 - Rebobinadeira;;;2000;OS GERADA AUTOMATICAMENTE POR ALEX CALDEIRA MEDEIROS OBRIGATORIO APONTAR O PROBLEMA MANUTENC?O CORRETIVA (FALHA/QUEBRA);Manutenção
4117;14/11/2024;CORRETIVA;506;506 - Rebobinadeira;;;2000;OS GERADA AUTOMATICAMENTE POR ALEX CALDEIRA MEDEIROS OBRIGATORIO APONTAR O PROBLEMA MANUTENC?O CORRETIVA (FALHA/QUEBRA);Manutenção
4118;14/11/2024;CORRETIVA;506;506 - Rebobinadeira;;;2000;OS GERADA AUTOMATICAMENTE POR ALEX CALDEIRA MEDEIROS OBRIGATORIO APONTAR O PROBLEMA MANUTENC?O CORRETIVA (FALHA/QUEBRA);Manutenção
4119;14/11/2024;CORRETIVA;506;506 - Rebobinadeira;;;2000;OS GERADA AUTOMATICAMENTE POR ALEX CALDEIRA MEDEIROS OBRIGATORIO APONTAR O PROBLEMA MANUTENC?O CORRETIVA (FALHA/QUEBRA);Manutenção
4120;14/11/2024;CORRETIVA;506;506 - Rebobinadeira;;;2000;OS GERADA AUTOMATICAMENTE POR ALEX CALDEIRA MEDEIROS OBRIGATORIO APONTAR O PROBLEMA MANUTENC?O CORRETIVA (FALHA/QUEBRA);Manutenção
4121;14/11/2024;CORRETIVA;506;506 - Rebobinadeira;;;2000;OS GERADA AUTOMATICAMENTE POR ALEX CALDEIRA MEDEIROS OBRIGATORIO APONTAR O PROBLEMA MANUTENC?O CORRETIVA (FALHA/QUEBRA);Manutenção
4132;14/11/2024;CORRETIVA;117;117 - Extrusora;117 - Carnevalli monocamada;Carnevalli ;2016;OS GERADA AUTOMATICAMENTE POR MICHAEL DE OLIVEIRA BATISTA OBRIGATORIO APONTAR O PROBLEMA MANUTENC?O CORRETIVA (FALHA/QUEBRA);Manutenção
4155;14/11/2024;CORRETIVA;417;417 - Hece 1400;HECE-1400;HECE;2003;OS GERADA AUTOMATICAMENTE POR HELENO JO?O PESSOA OBRIGATORIO APONTAR O PROBLEMA MANUTENC?O CORRETIVA (FALHA/QUEBRA);Manutenção
4156;14/11/2024;CORRETIVA;502;502 - Jaguar rebobinadeira;Jaguar;MegaSteel ;2000;OS GERADA AUTOMATICAMENTE POR MISAEL BORGES OBRIGATORIO APONTAR O PROBLEMA MANUTENC?O CORRETIVA (FALHA/QUEBRA);Manutenção
4172;15/11/2024;CORRETIVA;416;416 - Hece 1400;HECE-1400;HECE;2003;OS GERADA AUTOMATICAMENTE POR MARINALVA ALVES DOS SANTOS  OBRIGATORIO APONTAR O PROBLEMA MANUTENC?O CORRETIVA (FALHA/QUEBRA);Manutenção
4173;16/11/2024;CORRETIVA;507;507 - MegaSteel Rebobinadeira;;MegaSteel ;2000;OS GERADA AUTOMATICAMENTE POR SILVANIO MOTA DE OLIVEIRA OBRIGATORIO APONTAR O PROBLEMA MANUTENC?O CORRETIVA (FALHA/QUEBRA);Manutenção
4174;16/11/2024;CORRETIVA;507;507 - MegaSteel Rebobinadeira;;MegaSteel ;2000;OS GERADA AUTOMATICAMENTE POR SILVANIO MOTA DE OLIVEIRA OBRIGATORIO APONTAR O PROBLEMA MANUTENC?O CORRETIVA (FALHA/QUEBRA);Manutenção
4175;16/11/2024;CORRETIVA;507;507 - MegaSteel Rebobinadeira;;MegaSteel ;2000;OS GERADA AUTOMATICAMENTE POR SILVANIO MOTA DE OLIVEIRA OBRIGATORIO APONTAR O PROBLEMA MANUTENC?O CORRETIVA (FALHA/QUEBRA);Manutenção
4176;16/11/2024;CORRETIVA;507;507 - MegaSteel Rebobinadeira;;MegaSteel ;2000;OS GERADA AUTOMATICAMENTE POR SILVANIO MOTA DE OLIVEIRA OBRIGATORIO APONTAR O PROBLEMA MANUTENC?O CORRETIVA (FALHA/QUEBRA);Manutenção
4177;16/11/2024;CORRETIVA;507;507 - MegaSteel Rebobinadeira;;MegaSteel ;2000;OS GERADA AUTOMATICAMENTE POR SILVANIO MOTA DE OLIVEIRA OBRIGATORIO APONTAR O PROBLEMA MANUTENC?O CORRETIVA (FALHA/QUEBRA);Manutenção
4178;16/11/2024;CORRETIVA;507;507 - MegaSteel Rebobinadeira;;MegaSteel ;2000;OS GERADA AUTOMATICAMENTE POR SILVANIO MOTA DE OLIVEIRA OBRIGATORIO APONTAR O PROBLEMA MANUTENC?O CORRETIVA (FALHA/QUEBRA);Manutenção
4180;16/11/2024;CORRETIVA;116;116 - Extrusora;116 - Carnevalli monocamada;Carnevalli ;2015;OS GERADA AUTOMATICAMENTE POR MATHEUS FELIPE DA SILVA OBRIGATORIO APONTAR O PROBLEMA MANUTENC?O CORRETIVA (FALHA/QUEBRA);Manutenção
4181;16/11/2024;CORRETIVA;118;118- Extrusora;118 - Carnevalli monocamada;Carnevalli ;2021;OS GERADA AUTOMATICAMENTE POR DAVID DA CRUZ MALHEIROS OBRIGATORIO APONTAR O PROBLEMA MANUTENC?O CORRETIVA (FALHA/QUEBRA);Manutenção
4182;16/11/2024;CORRETIVA;116;116 - Extrusora;116 - Carnevalli monocamada;Carnevalli ;2015;OS GERADA AUTOMATICAMENTE POR GUILHERME ARAUJO DOS SANTOS OBRIGATORIO APONTAR O PROBLEMA MANUTENC?O CORRETIVA (FALHA/QUEBRA);Manutenção
4183;16/11/2024;CORRETIVA;116;116 - Extrusora;116 - Carnevalli monocamada;Carnevalli ;2015;OS GERADA AUTOMATICAMENTE POR GUILHERME ARAUJO DOS SANTOS OBRIGATORIO APONTAR O PROBLEMA MANUTENC?O CORRETIVA (FALHA/QUEBRA);Manutenção
4184;16/11/2024;CORRETIVA;502;502 - Jaguar rebobinadeira;Jaguar;MegaSteel ;2000;OS GERADA AUTOMATICAMENTE POR MISAEL BORGES OBRIGATORIO APONTAR O PROBLEMA MANUTENC?O CORRETIVA (FALHA/QUEBRA);Manutenção
4186;17/11/2024;CORRETIVA;506;506 - Rebobinadeira;;;2000;OS GERADA AUTOMATICAMENTE POR ALEX CALDEIRA MEDEIROS OBRIGATORIO APONTAR O PROBLEMA MANUTENC?O CORRETIVA (FALHA/QUEBRA);Manutenção
4187;17/11/2024;CORRETIVA;506;506 - Rebobinadeira;;;2000;OS GERADA AUTOMATICAMENTE POR ALEX CALDEIRA MEDEIROS OBRIGATORIO APONTAR O PROBLEMA MANUTENC?O CORRETIVA (FALHA/QUEBRA);Manutenção
4188;17/11/2024;CORRETIVA;506;506 - Rebobinadeira;;;2000;OS GERADA AUTOMATICAMENTE POR ALEX CALDEIRA MEDEIROS OBRIGATORIO APONTAR O PROBLEMA MANUTENC?O CORRETIVA (FALHA/QUEBRA);Manutenção
4189;18/11/2024;CORRETIVA;118;118- Extrusora;118 - Carnevalli monocamada;Carnevalli ;2021;OS GERADA AUTOMATICAMENTE POR DAVID DA CRUZ MALHEIROS OBRIGATORIO APONTAR O PROBLEMA MANUTENC?O CORRETIVA (FALHA/QUEBRA);Manutenção
4190;18/11/2024;CORRETIVA;502;502 - Jaguar rebobinadeira;Jaguar;MegaSteel ;2000;OS GERADA AUTOMATICAMENTE POR DANILO RODRIGO SANTOS DA SILVA OBRIGATORIO APONTAR O PROBLEMA MANUTENC?O CORRETIVA (FALHA/QUEBRA);Manutenção
4191;18/11/2024;CORRETIVA;117;117 - Extrusora;117 - Carnevalli monocamada;Carnevalli ;2016;OS GERADA AUTOMATICAMENTE POR KLEYTON DOUGLAS SANTOS FRAGOSO OBRIGATORIO APONTAR O PROBLEMA MANUTENC?O CORRETIVA (FALHA/QUEBRA);Manutenção
4194;18/11/2024;CORRETIVA;502;502 - Jaguar rebobinadeira;Jaguar;MegaSteel ;2000;OS GERADA AUTOMATICAMENTE POR ANTONIO MARCOS VIRGINIO ISHIZAKI OBRIGATORIO APONTAR O PROBLEMA MANUTENC?O CORRETIVA (FALHA/QUEBRA);Manutenção
4195;18/11/2024;CORRETIVA;502;502 - Jaguar rebobinadeira;Jaguar;MegaSteel ;2000;OS GERADA AUTOMATICAMENTE POR ANTONIO MARCOS VIRGINIO ISHIZAKI OBRIGATORIO APONTAR O PROBLEMA MANUTENC?O CORRETIVA (FALHA/QUEBRA);Manutenção
4199;18/11/2024;CORRETIVA;406;406 - Hece1400;HECE-1400;HECE;2003;OS GERADA AUTOMATICAMENTE POR LAIS ALVES CAMPOS DE ALEMIDA OBRIGATORIO APONTAR O PROBLEMA MANUTENC?O CORRETIVA (FALHA/QUEBRA);Manutenção
4215;18/11/2024;CORRETIVA;502;502 - Jaguar rebobinadeira;Jaguar;MegaSteel ;2000;OS GERADA AUTOMATICAMENTE POR MISAEL BORGES OBRIGATORIO APONTAR O PROBLEMA MANUTENC?O CORRETIVA (FALHA/QUEBRA);Manutenção
4216;18/11/2024;CORRETIVA;502;502 - Jaguar rebobinadeira;Jaguar;MegaSteel ;2000;OS GERADA AUTOMATICAMENTE POR MISAEL BORGES OBRIGATORIO APONTAR O PROBLEMA MANUTENC?O CORRETIVA (FALHA/QUEBRA);Manutenção
4217;18/11/2024;CORRETIVA;502;502 - Jaguar rebobinadeira;Jaguar;MegaSteel ;2000;OS GERADA AUTOMATICAMENTE POR MISAEL BORGES OBRIGATORIO APONTAR O PROBLEMA MANUTENC?O CORRETIVA (FALHA/QUEBRA);Manutenção
4218;18/11/2024;CORRETIVA;502;502 - Jaguar rebobinadeira;Jaguar;MegaSteel ;2000;OS GERADA AUTOMATICAMENTE POR MISAEL BORGES OBRIGATORIO APONTAR O PROBLEMA MANUTENC?O CORRETIVA (FALHA/QUEBRA);Manutenção
4220;19/11/2024;CORRETIVA;116;116 - Extrusora;116 - Carnevalli monocamada;Carnevalli ;2015;OS GERADA AUTOMATICAMENTE POR LEONARDO LUIZ RAMOS ROQUE OBRIGATORIO APONTAR O PROBLEMA MANUTENC?O CORRETIVA (FALHA/QUEBRA);Manutenção
4236;19/11/2024;CORRETIVA;115;115 - Extrusora;115 - Carnevalli monocamada;Carnevalli ;2017;OS GERADA AUTOMATICAMENTE POR JOAO PEDRO CORASSARI VELLOSA OBRIGATORIO APONTAR O PROBLEMA MANUTENC?O CORRETIVA (FALHA/QUEBRA);Manutenção
4246;21/11/2024;CORRETIVA;113;113 - Extrusora;113 - Carnevalli monocamada;Carnevalli ;2020;OS GERADA AUTOMATICAMENTE POR ANDREA PEREIRA SOARES OBRIGATORIO APONTAR O PROBLEMA MANUTENC?O CORRETIVA (FALHA/QUEBRA);Manutenção
4267;21/11/2024;CORRETIVA;117;117 - Extrusora;117 - Carnevalli monocamada;Carnevalli ;2016;OS GERADA AUTOMATICAMENTE POR GABRIEL GONCALVES SIMONETTI OBRIGATORIO APONTAR O PROBLEMA MANUTENC?O CORRETIVA (FALHA/QUEBRA);Manutenção
4285;23/11/2024;CORRETIVA;108;108 - Extrusora;108 - Carnevalli monocamada;Carnevalli ;2008;OS GERADA AUTOMATICAMENTE POR EDIVAN LIMA DE AZEVEDO  OBRIGATORIO APONTAR O PROBLEMA MANUTENC?O CORRETIVA (FALHA/QUEBRA);Manutenção
4286;23/11/2024;CORRETIVA;506;506 - Rebobinadeira;;;2000;OS GERADA AUTOMATICAMENTE POR ALEX CALDEIRA MEDEIROS OBRIGATORIO APONTAR O PROBLEMA MANUTENC?O CORRETIVA (FALHA/QUEBRA);Manutenção
4287;24/11/2024;CORRETIVA;502;502 - Jaguar rebobinadeira;Jaguar;MegaSteel ;2000;OS GERADA AUTOMATICAMENTE POR MISAEL BORGES OBRIGATORIO APONTAR O PROBLEMA MANUTENC?O CORRETIVA (FALHA/QUEBRA);Manutenção
4288;25/11/2024;CORRETIVA;108;108 - Extrusora;108 - Carnevalli monocamada;Carnevalli ;2008;OS GERADA AUTOMATICAMENTE POR IVANILDO NASCIMENTO DA SILVA OBRIGATORIO APONTAR O PROBLEMA MANUTENC?O CORRETIVA (FALHA/QUEBRA);Manutenção
4289;25/11/2024;CORRETIVA;115;115 - Extrusora;115 - Carnevalli monocamada;Carnevalli ;2017;OS GERADA AUTOMATICAMENTE POR RAFAEL FERNANDO PINHEIRO OBRIGATORIO APONTAR O PROBLEMA MANUTENC?O CORRETIVA (FALHA/QUEBRA);Manutenção
4291;25/11/2024;CORRETIVA;108;108 - Extrusora;108 - Carnevalli monocamada;Carnevalli ;2008;OS GERADA AUTOMATICAMENTE POR EDIVAN LIMA DE AZEVEDO  OBRIGATORIO APONTAR O PROBLEMA MANUTENC?O CORRETIVA (FALHA/QUEBRA);Manutenção
4301;26/11/2024;CORRETIVA;507;507 - MegaSteel Rebobinadeira;;MegaSteel ;2000;OS GERADA AUTOMATICAMENTE POR SILVANIO MOTA DE OLIVEIRA OBRIGATORIO APONTAR O PROBLEMA MANUTENC?O CORRETIVA (FALHA/QUEBRA);Manutenção
4302;26/11/2024;CORRETIVA;507;507 - MegaSteel Rebobinadeira;;MegaSteel ;2000;OS GERADA AUTOMATICAMENTE POR SILVANIO MOTA DE OLIVEIRA OBRIGATORIO APONTAR O PROBLEMA MANUTENC?O CORRETIVA (FALHA/QUEBRA);Manutenção
4303;26/11/2024;CORRETIVA;507;507 - MegaSteel Rebobinadeira;;MegaSteel ;2000;OS GERADA AUTOMATICAMENTE POR SILVANIO MOTA DE OLIVEIRA OBRIGATORIO APONTAR O PROBLEMA MANUTENC?O CORRETIVA (FALHA/QUEBRA);Manutenção
4321;28/11/2024;CORRETIVA;113;113 - Extrusora;113 - Carnevalli monocamada;Carnevalli ;2020;OS GERADA AUTOMATICAMENTE POR LINEKER FELIPE DE ANDRADE GRECCO OBRIGATORIO APONTAR O PROBLEMA MANUTENC?O CORRETIVA (FALHA/QUEBRA);Manutenção
4366;30/11/2024;CORRETIVA;108;108 - Extrusora;108 - Carnevalli monocamada;Carnevalli ;2008;OS GERADA AUTOMATICAMENTE POR ANDRE SOUZA DOS SANTOS OBRIGATORIO APONTAR O PROBLEMA MANUTENC?O CORRETIVA (FALHA/QUEBRA);Manutenção
4369;30/11/2024;CORRETIVA;116;116 - Extrusora;116 - Carnevalli monocamada;Carnevalli ;2015;OS GERADA AUTOMATICAMENTE POR RIXARDI DONATO DE ANDRADE OBRIGATORIO APONTAR O PROBLEMA MANUTENC?O CORRETIVA (FALHA/QUEBRA);Manutenção
4370;30/11/2024;CORRETIVA;505;505- Rebobinadeira;;;2000;OS GERADA AUTOMATICAMENTE POR PAULO EDUARDO PEREIRA DA FONSECA OBRIGATORIO APONTAR O PROBLEMA MANUTENC?O CORRETIVA (FALHA/QUEBRA);Manutenção
4372;30/11/2024;CORRETIVA;108;108 - Extrusora;108 - Carnevalli monocamada;Carnevalli ;2008;OS GERADA AUTOMATICAMENTE POR AGRICIO RODRIGUES OBRIGATORIO APONTAR O PROBLEMA MANUTENC?O CORRETIVA (FALHA/QUEBRA);Manutenção
4373;01/12/2024;CORRETIVA;108;108 - Extrusora;108 - Carnevalli monocamada;Carnevalli ;2008;OS GERADA AUTOMATICAMENTE POR EDIVAN LIMA DE AZEVEDO  OBRIGATORIO APONTAR O PROBLEMA MANUTENC?O CORRETIVA (FALHA/QUEBRA);Manutenção
4374;02/12/2024;CORRETIVA;108;108 - Extrusora;108 - Carnevalli monocamada;Carnevalli ;2008;OS GERADA AUTOMATICAMENTE POR MATHEUS FELIPE DA SILVA OBRIGATORIO APONTAR O PROBLEMA MANUTENC?O CORRETIVA (FALHA/QUEBRA);Manutenção
4382;02/12/2024;CORRETIVA;113;113 - Extrusora;113 - Carnevalli monocamada;Carnevalli ;2020;OS GERADA AUTOMATICAMENTE POR IZAEL DA SILVA RODRIGUES OBRIGATORIO APONTAR O PROBLEMA MANUTENC?O CORRETIVA (FALHA/QUEBRA);Manutenção
4383;02/12/2024;CORRETIVA;117;117 - Extrusora;117 - Carnevalli monocamada;Carnevalli ;2016;OS GERADA AUTOMATICAMENTE POR MICHAEL DE OLIVEIRA BATISTA OBRIGATORIO APONTAR O PROBLEMA MANUTENC?O CORRETIVA (FALHA/QUEBRA);Manutenção
4384;02/12/2024;CORRETIVA;506;506 - Rebobinadeira;;;2000;OS GERADA AUTOMATICAMENTE POR PAULO EDUARDO PEREIRA DA FONSECA OBRIGATORIO APONTAR O PROBLEMA MANUTENC?O CORRETIVA (FALHA/QUEBRA);Manutenção
4385;03/12/2024;CORRETIVA;117;117 - Extrusora;117 - Carnevalli monocamada;Carnevalli ;2016;OS GERADA AUTOMATICAMENTE POR LEONARDO LUIZ RAMOS ROQUE OBRIGATORIO APONTAR O PROBLEMA MANUTENC?O CORRETIVA (FALHA/QUEBRA);Manutenção
4386;03/12/2024;CORRETIVA;117;117 - Extrusora;117 - Carnevalli monocamada;Carnevalli ;2016;OS GERADA AUTOMATICAMENTE POR LEONARDO LUIZ RAMOS ROQUE OBRIGATORIO APONTAR O PROBLEMA MANUTENC?O CORRETIVA (FALHA/QUEBRA);Manutenção
4398;04/12/2024;CORRETIVA;108;108 - Extrusora;108 - Carnevalli monocamada;Carnevalli ;2008;OS GERADA AUTOMATICAMENTE POR ANDRE SOUZA DOS SANTOS OBRIGATORIO APONTAR O PROBLEMA MANUTENC?O CORRETIVA (FALHA/QUEBRA);Manutenção
4407;04/12/2024;CORRETIVA;117;117 - Extrusora;117 - Carnevalli monocamada;Carnevalli ;2016;OS GERADA AUTOMATICAMENTE POR MICHAEL DE OLIVEIRA BATISTA OBRIGATORIO APONTAR O PROBLEMA MANUTENC?O CORRETIVA (FALHA/QUEBRA);Manutenção
4408;04/12/2024;CORRETIVA;117;117 - Extrusora;117 - Carnevalli monocamada;Carnevalli ;2016;OS GERADA AUTOMATICAMENTE POR MICHAEL DE OLIVEIRA BATISTA OBRIGATORIO APONTAR O PROBLEMA MANUTENC?O CORRETIVA (FALHA/QUEBRA);Manutenção
4415;05/12/2024;CORRETIVA;117;117 - Extrusora;117 - Carnevalli monocamada;Carnevalli ;2016;OS GERADA AUTOMATICAMENTE POR GABRIEL GONCALVES SIMONETTI OBRIGATORIO APONTAR O PROBLEMA MANUTENC?O CORRETIVA (FALHA/QUEBRA);Manutenção
4416;05/12/2024;CORRETIVA;117;117 - Extrusora;117 - Carnevalli monocamada;Carnevalli ;2016;OS GERADA AUTOMATICAMENTE POR GABRIEL GONCALVES SIMONETTI OBRIGATORIO APONTAR O PROBLEMA MANUTENC?O CORRETIVA (FALHA/QUEBRA);Manutenção
4417;06/12/2024;CORRETIVA;406;406 - Hece1400;HECE-1400;HECE;2003;OS GERADA AUTOMATICAMENTE POR LAIS ALVES CAMPOS DE ALEMIDA OBRIGATORIO APONTAR O PROBLEMA MANUTENC?O CORRETIVA (FALHA/QUEBRA);Manutenção
4429;07/12/2024;CORRETIVA;502;502 - Jaguar rebobinadeira;Jaguar;MegaSteel ;2000;OS GERADA AUTOMATICAMENTE POR MISAEL BORGES OBRIGATORIO APONTAR O PROBLEMA MANUTENC?O CORRETIVA (FALHA/QUEBRA);Manutenção
4430;07/12/2024;CORRETIVA;502;502 - Jaguar rebobinadeira;Jaguar;MegaSteel ;2000;OS GERADA AUTOMATICAMENTE POR MISAEL BORGES OBRIGATORIO APONTAR O PROBLEMA MANUTENC?O CORRETIVA (FALHA/QUEBRA);Manutenção
4431;07/12/2024;CORRETIVA;502;502 - Jaguar rebobinadeira;Jaguar;MegaSteel ;2000;OS GERADA AUTOMATICAMENTE POR MISAEL BORGES OBRIGATORIO APONTAR O PROBLEMA MANUTENC?O CORRETIVA (FALHA/QUEBRA);Manutenção
4432;07/12/2024;CORRETIVA;501;501 - Jaguar rebobinadeira;Jaguar;MegaSteel ;2000;OS GERADA AUTOMATICAMENTE POR JOSE RIAN MENDONCA DA SILVA OBRIGATORIO APONTAR O PROBLEMA MANUTENC?O CORRETIVA (FALHA/QUEBRA);Manutenção
4433;07/12/2024;CORRETIVA;501;501 - Jaguar rebobinadeira;Jaguar;MegaSteel ;2000;OS GERADA AUTOMATICAMENTE POR JOSE RIAN MENDONCA DA SILVA OBRIGATORIO APONTAR O PROBLEMA MANUTENC?O CORRETIVA (FALHA/QUEBRA);Manutenção
4434;07/12/2024;CORRETIVA;413;413 - Polimaquinas;413 - Polimaquinas;POLIMAQUINAS;2017;OS GERADA AUTOMATICAMENTE POR GEILDA PEREIRA DE SOUZA OBRIGATORIO APONTAR O PROBLEMA MANUTENC?O CORRETIVA (FALHA/QUEBRA);Manutenção
4437;07/12/2024;CORRETIVA;112;112 - Extrusora;112 - Carnevalli monocamada;Carnevalli ;2019;OS GERADA AUTOMATICAMENTE POR DEBORA ALVES BATISTA OBRIGATORIO APONTAR O PROBLEMA MANUTENC?O CORRETIVA (FALHA/QUEBRA);Manutenção
4438;07/12/2024;CORRETIVA;112;112 - Extrusora;112 - Carnevalli monocamada;Carnevalli ;2019;OS GERADA AUTOMATICAMENTE POR DEBORA ALVES BATISTA OBRIGATORIO APONTAR O PROBLEMA MANUTENC?O CORRETIVA (FALHA/QUEBRA);Manutenção
4439;08/12/2024;CORRETIVA;108;108 - Extrusora;108 - Carnevalli monocamada;Carnevalli ;2008;OS GERADA AUTOMATICAMENTE POR ELIEL ODACI DE MELO OBRIGATORIO APONTAR O PROBLEMA MANUTENC?O CORRETIVA (FALHA/QUEBRA);Manutenção
4440;08/12/2024;CORRETIVA;502;502 - Jaguar rebobinadeira;Jaguar;MegaSteel ;2000;OS GERADA AUTOMATICAMENTE POR MISAEL BORGES OBRIGATORIO APONTAR O PROBLEMA MANUTENC?O CORRETIVA (FALHA/QUEBRA);Manutenção
4448;09/12/2024;CORRETIVA;501;501 - Jaguar rebobinadeira;Jaguar;MegaSteel ;2000;OS GERADA AUTOMATICAMENTE POR JOSE RIAN MENDONCA DA SILVA OBRIGATORIO APONTAR O PROBLEMA MANUTENC?O CORRETIVA (FALHA/QUEBRA);Manutenção
4455;09/12/2024;CORRETIVA;115;115 - Extrusora;115 - Carnevalli monocamada;Carnevalli ;2017;OS GERADA AUTOMATICAMENTE POR JHONATAN MARQUES DOS SANTOS OBRIGATORIO APONTAR O PROBLEMA MANUTENC?O CORRETIVA (FALHA/QUEBRA);Manutenção
4457;10/12/2024;CORRETIVA;115;115 - Extrusora;115 - Carnevalli monocamada;Carnevalli ;2017;OS GERADA AUTOMATICAMENTE POR ALEX FERNANDES RIBEIRO OBRIGATORIO APONTAR O PROBLEMA MANUTENC?O CORRETIVA (FALHA/QUEBRA);Manutenção
4467;10/12/2024;CORRETIVA;502;502 - Jaguar rebobinadeira;Jaguar;MegaSteel ;2000;OS GERADA AUTOMATICAMENTE POR ANTONIO MARCOS VIRGINIO ISHIZAKI OBRIGATORIO APONTAR O PROBLEMA MANUTENC?O CORRETIVA (FALHA/QUEBRA);Manutenção
4468;10/12/2024;CORRETIVA;502;502 - Jaguar rebobinadeira;Jaguar;MegaSteel ;2000;OS GERADA AUTOMATICAMENTE POR ANTONIO MARCOS VIRGINIO ISHIZAKI OBRIGATORIO APONTAR O PROBLEMA MANUTENC?O CORRETIVA (FALHA/QUEBRA);Manutenção
4476;10/12/2024;CORRETIVA;502;502 - Jaguar rebobinadeira;Jaguar;MegaSteel ;2000;OS GERADA AUTOMATICAMENTE POR ANTONIO MARCOS VIRGINIO ISHIZAKI OBRIGATORIO APONTAR O PROBLEMA MANUTENC?O CORRETIVA (FALHA/QUEBRA);Manutenção
4503;12/12/2024;CORRETIVA;417;417 - Hece 1400;HECE-1400;HECE;2003;OS GERADA AUTOMATICAMENTE POR HELENO JO?O PESSOA OBRIGATORIO APONTAR O PROBLEMA MANUTENC?O CORRETIVA (FALHA/QUEBRA);Manutenção
4507;13/12/2024;CORRETIVA;501;501 - Jaguar rebobinadeira;Jaguar;MegaSteel ;2000;OS GERADA AUTOMATICAMENTE POR JOSE RIAN MENDONCA DA SILVA OBRIGATORIO APONTAR O PROBLEMA MANUTENC?O CORRETIVA (FALHA/QUEBRA);Manutenção
4509;13/12/2024;CORRETIVA;501;501 - Jaguar rebobinadeira;Jaguar;MegaSteel ;2000;OS GERADA AUTOMATICAMENTE POR JOSE RIAN MENDONCA DA SILVA OBRIGATORIO APONTAR O PROBLEMA MANUTENC?O CORRETIVA (FALHA/QUEBRA);Manutenção
4528;13/12/2024;CORRETIVA;501;501 - Jaguar rebobinadeira;Jaguar;MegaSteel ;2000;OS GERADA AUTOMATICAMENTE POR JOSE RIAN MENDONCA DA SILVA OBRIGATORIO APONTAR O PROBLEMA MANUTENC?O CORRETIVA (FALHA/QUEBRA);Manutenção
4529;13/12/2024;CORRETIVA;501;501 - Jaguar rebobinadeira;Jaguar;MegaSteel ;2000;OS GERADA AUTOMATICAMENTE POR JOSE RIAN MENDONCA DA SILVA OBRIGATORIO APONTAR O PROBLEMA MANUTENC?O CORRETIVA (FALHA/QUEBRA);Manutenção
4530;13/12/2024;CORRETIVA;501;501 - Jaguar rebobinadeira;Jaguar;MegaSteel ;2000;OS GERADA AUTOMATICAMENTE POR JOSE RIAN MENDONCA DA SILVA OBRIGATORIO APONTAR O PROBLEMA MANUTENC?O CORRETIVA (FALHA/QUEBRA);Manutenção
4531;13/12/2024;CORRETIVA;113;113 - Extrusora;113 - Carnevalli monocamada;Carnevalli ;2020;OS GERADA AUTOMATICAMENTE POR THIAGO DOS SANTOS LIMA OBRIGATORIO APONTAR O PROBLEMA MANUTENC?O CORRETIVA (FALHA/QUEBRA);Manutenção
4536;13/12/2024;CORRETIVA;417;417 - Hece 1400;HECE-1400;HECE;2003;OS GERADA AUTOMATICAMENTE POR HELENO JO?O PESSOA OBRIGATORIO APONTAR O PROBLEMA MANUTENC?O CORRETIVA (FALHA/QUEBRA);Manutenção
4537;13/12/2024;CORRETIVA;117;117 - Extrusora;117 - Carnevalli monocamada;Carnevalli ;2016;OS GERADA AUTOMATICAMENTE POR DAVID DA CRUZ MALHEIROS OBRIGATORIO APONTAR O PROBLEMA MANUTENC?O CORRETIVA (FALHA/QUEBRA);Manutenção
4540;14/12/2024;CORRETIVA;417;417 - Hece 1400;HECE-1400;HECE;2003;OS GERADA AUTOMATICAMENTE POR HELENO JO?O PESSOA OBRIGATORIO APONTAR O PROBLEMA MANUTENC?O CORRETIVA (FALHA/QUEBRA);Manutenção
4542;15/12/2024;CORRETIVA;117;117 - Extrusora;117 - Carnevalli monocamada;Carnevalli ;2016;OS GERADA AUTOMATICAMENTE POR ERICK GABRIEL MORAIS DA SILVA OBRIGATORIO APONTAR O PROBLEMA MANUTENC?O CORRETIVA (FALHA/QUEBRA);Manutenção
4543;15/12/2024;CORRETIVA;113;113 - Extrusora;113 - Carnevalli monocamada;Carnevalli ;2020;OS GERADA AUTOMATICAMENTE POR DAWAN JOSE DA SILVA OBRIGATORIO APONTAR O PROBLEMA MANUTENC?O CORRETIVA (FALHA/QUEBRA);Manutenção
4549;16/12/2024;CORRETIVA;115;115 - Extrusora;115 - Carnevalli monocamada;Carnevalli ;2017;OS GERADA AUTOMATICAMENTE POR ALEX FERNANDES RIBEIRO OBRIGATORIO APONTAR O PROBLEMA MANUTENC?O CORRETIVA (FALHA/QUEBRA);Manutenção
4574;17/12/2024;CORRETIVA;117;117 - Extrusora;117 - Carnevalli monocamada;Carnevalli ;2016;OS GERADA AUTOMATICAMENTE POR MAICON DOUGLAS BARBOSA OBRIGATORIO APONTAR O PROBLEMA MANUTENC?O CORRETIVA (FALHA/QUEBRA);Manutenção
4580;17/12/2024;CORRETIVA;115;115 - Extrusora;115 - Carnevalli monocamada;Carnevalli ;2017;OS GERADA AUTOMATICAMENTE POR GABRIEL CORREIA DA SILVA OBRIGATORIO APONTAR O PROBLEMA MANUTENC?O CORRETIVA (FALHA/QUEBRA);Manutenção
4581;17/12/2024;CORRETIVA;113;113 - Extrusora;113 - Carnevalli monocamada;Carnevalli ;2020;OS GERADA AUTOMATICAMENTE POR MATHEUS FELIPE DA SILVA OBRIGATORIO APONTAR O PROBLEMA MANUTENC?O CORRETIVA (FALHA/QUEBRA);Manutenção
4582;17/12/2024;CORRETIVA;115;115 - Extrusora;115 - Carnevalli monocamada;Carnevalli ;2017;OS GERADA AUTOMATICAMENTE POR ALEX FERNANDES RIBEIRO OBRIGATORIO APONTAR O PROBLEMA MANUTENC?O CORRETIVA (FALHA/QUEBRA);Manutenção
4647;19/12/2024;CORRETIVA;507;507 - MegaSteel Rebobinadeira;;MegaSteel ;2000;OS GERADA AUTOMATICAMENTE POR SILVANIO MOTA DE OLIVEIRA OBRIGATORIO APONTAR O PROBLEMA MANUTENC?O CORRETIVA (FALHA/QUEBRA);Manutenção
4678;20/12/2024;CORRETIVA;406;406 - Hece1400;HECE-1400;HECE;2003;OS GERADA AUTOMATICAMENTE POR LAIS ALVES CAMPOS DE ALEMIDA OBRIGATORIO APONTAR O PROBLEMA MANUTENC?O CORRETIVA (FALHA/QUEBRA);Manutenção
4688;20/12/2024;CORRETIVA;108;108 - Extrusora;108 - Carnevalli monocamada;Carnevalli ;2008;OS GERADA AUTOMATICAMENTE POR AGRICIO RODRIGUES OBRIGATORIO APONTAR O PROBLEMA MANUTENC?O CORRETIVA (FALHA/QUEBRA);Manutenção
4693;21/12/2024;CORRETIVA;501;501 - Jaguar rebobinadeira;Jaguar;MegaSteel ;2000;OS GERADA AUTOMATICAMENTE POR JOSE RIAN MENDONCA DA SILVA OBRIGATORIO APONTAR O PROBLEMA MANUTENC?O CORRETIVA (FALHA/QUEBRA);Manutenção
4694;21/12/2024;CORRETIVA;501;501 - Jaguar rebobinadeira;Jaguar;MegaSteel ;2000;OS GERADA AUTOMATICAMENTE POR JOSE RIAN MENDONCA DA SILVA OBRIGATORIO APONTAR O PROBLEMA MANUTENC?O CORRETIVA (FALHA/QUEBRA);Manutenção
4696;22/12/2024;CORRETIVA;116;116 - Extrusora;116 - Carnevalli monocamada;Carnevalli ;2015;OS GERADA AUTOMATICAMENTE POR ELIEL ODACI DE MELO OBRIGATORIO APONTAR O PROBLEMA MANUTENC?O CORRETIVA (FALHA/QUEBRA);Manutenção
4698;22/12/2024;CORRETIVA;113;113 - Extrusora;113 - Carnevalli monocamada;Carnevalli ;2020;OS GERADA AUTOMATICAMENTE POR IZAEL DA SILVA RODRIGUES OBRIGATORIO APONTAR O PROBLEMA MANUTENC?O CORRETIVA (FALHA/QUEBRA);Manutenção
4699;22/12/2024;CORRETIVA;113;113 - Extrusora;113 - Carnevalli monocamada;Carnevalli ;2020;OS GERADA AUTOMATICAMENTE POR IZAEL DA SILVA RODRIGUES OBRIGATORIO APONTAR O PROBLEMA MANUTENC?O CORRETIVA (FALHA/QUEBRA);Manutenção
4700;23/12/2024;CORRETIVA;502;502 - Jaguar rebobinadeira;Jaguar;MegaSteel ;2000;OS GERADA AUTOMATICAMENTE POR MISAEL BORGES OBRIGATORIO APONTAR O PROBLEMA MANUTENC?O CORRETIVA (FALHA/QUEBRA);Manutenção
4706;23/12/2024;CORRETIVA;416;416 - Hece 1400;HECE-1400;HECE;2003;OS GERADA AUTOMATICAMENTE POR DENILSON DA SILVA  OBRIGATORIO APONTAR O PROBLEMA MANUTENC?O CORRETIVA (FALHA/QUEBRA);Manutenção
4708;23/12/2024;CORRETIVA;302;301-Comexi Laminadora;Comexi SL2 MB;Comexi;2018;OS GERADA AUTOMATICAMENTE POR EUGENIO MOREIRA DA SILVA OBRIGATORIO APONTAR O PROBLEMA MANUTENC?O CORRETIVA (FALHA/QUEBRA);Manutenção
4711;24/12/2024;CORRETIVA;117;117 - Extrusora;117 - Carnevalli monocamada;Carnevalli ;2016;OS GERADA AUTOMATICAMENTE POR GABRIEL GONCALVES SIMONETTI OBRIGATORIO APONTAR O PROBLEMA MANUTENC?O CORRETIVA (FALHA/QUEBRA);Manutenção
4718;24/12/2024;CORRETIVA;118;118- Extrusora;118 - Carnevalli monocamada;Carnevalli ;2021;OS GERADA AUTOMATICAMENTE POR GABRIEL GONCALVES SIMONETTI OBRIGATORIO APONTAR O PROBLEMA MANUTENC?O CORRETIVA (FALHA/QUEBRA);Manutenção
4723;26/12/2024;CORRETIVA;416;416 - Hece 1400;HECE-1400;HECE;2003;OS GERADA AUTOMATICAMENTE POR DENILSON DA SILVA  OBRIGATORIO APONTAR O PROBLEMA MANUTENC?O CORRETIVA (FALHA/QUEBRA);Manutenção
4727;26/12/2024;CORRETIVA;417;417 - Hece 1400;HECE-1400;HECE;2003;OS GERADA AUTOMATICAMENTE POR DENILSON DA SILVA  OBRIGATORIO APONTAR O PROBLEMA MANUTENC?O CORRETIVA (FALHA/QUEBRA);Manutenção
4728;26/12/2024;CORRETIVA;116;116 - Extrusora;116 - Carnevalli monocamada;Carnevalli ;2015;OS GERADA AUTOMATICAMENTE POR RIXARDI DONATO DE ANDRADE OBRIGATORIO APONTAR O PROBLEMA MANUTENC?O CORRETIVA (FALHA/QUEBRA);Manutenção
4729;27/12/2024;CORRETIVA;116;116 - Extrusora;116 - Carnevalli monocamada;Carnevalli ;2015;OS GERADA AUTOMATICAMENTE POR LEONARDO LUIZ RAMOS ROQUE OBRIGATORIO APONTAR O PROBLEMA MANUTENC?O CORRETIVA (FALHA/QUEBRA);Manutenção
4733;27/12/2024;CORRETIVA;506;506 - Rebobinadeira;;;2000;OS GERADA AUTOMATICAMENTE POR PAULO EDUARDO PEREIRA DA FONSECA OBRIGATORIO APONTAR O PROBLEMA MANUTENC?O CORRETIVA (FALHA/QUEBRA);Manutenção
4735;28/12/2024;CORRETIVA;417;417 - Hece 1400;HECE-1400;HECE;2003;OS GERADA AUTOMATICAMENTE POR DENILSON DA SILVA  OBRIGATORIO APONTAR O PROBLEMA MANUTENC?O CORRETIVA (FALHA/QUEBRA);Manutenção
4736;28/12/2024;CORRETIVA;118;118- Extrusora;118 - Carnevalli monocamada;Carnevalli ;2021;OS GERADA AUTOMATICAMENTE POR GABRIEL LUIZ FERREIRA DA SILVA OBRIGATORIO APONTAR O PROBLEMA MANUTENC?O CORRETIVA (FALHA/QUEBRA);Manutenção
4737;29/12/2024;CORRETIVA;117;117 - Extrusora;117 - Carnevalli monocamada;Carnevalli ;2016;OS GERADA AUTOMATICAMENTE POR ERICK GABRIEL MORAIS DA SILVA OBRIGATORIO APONTAR O PROBLEMA MANUTENC?O CORRETIVA (FALHA/QUEBRA);Manutenção
4738;29/12/2024;CORRETIVA;116;116 - Extrusora;116 - Carnevalli monocamada;Carnevalli ;2015;OS GERADA AUTOMATICAMENTE POR LEONARDO LUIZ RAMOS ROQUE OBRIGATORIO APONTAR O PROBLEMA MANUTENC?O CORRETIVA (FALHA/QUEBRA);Manutenção
4739;29/12/2024;CORRETIVA;417;417 - Hece 1400;HECE-1400;HECE;2003;OS GERADA AUTOMATICAMENTE POR DENILSON DA SILVA  OBRIGATORIO APONTAR O PROBLEMA MANUTENC?O CORRETIVA (FALHA/QUEBRA);Manutenção
4741;02/01/2025;CORRETIVA;301;301-Comexi Laminadora;Comexi SL2 MB;Comexi;2018;OS GERADA AUTOMATICAMENTE POR ROBERTO RIBEIRO DE SOUZA OBRIGATORIO APONTAR O PROBLEMA MANUTENC?O CORRETIVA (FALHA/QUEBRA);Manutenção
4742;02/01/2025;CORRETIVA;108;108 - Extrusora;108 - Carnevalli monocamada;Carnevalli ;2008;OS GERADA AUTOMATICAMENTE POR EDIVAN LIMA DE AZEVEDO  OBRIGATORIO APONTAR O PROBLEMA MANUTENC?O CORRETIVA (FALHA/QUEBRA);Manutenção
4743;03/01/2025;CORRETIVA;416;416 - Hece 1400;HECE-1400;HECE;2003;OS GERADA AUTOMATICAMENTE POR VANIA CLAUDINA PEREIRA  OBRIGATORIO APONTAR O PROBLEMA MANUTENC?O CORRETIVA (FALHA/QUEBRA);Manutenção
4746;03/01/2025;CORRETIVA;416;416 - Hece 1400;HECE-1400;HECE;2003;OS GERADA AUTOMATICAMENTE POR VANIA CLAUDINA PEREIRA  OBRIGATORIO APONTAR O PROBLEMA MANUTENC?O CORRETIVA (FALHA/QUEBRA);Manutenção
4752;03/01/2025;CORRETIVA;115;115 - Extrusora;115 - Carnevalli monocamada;Carnevalli ;2017;OS GERADA AUTOMATICAMENTE POR GUILHERME ARAUJO DOS SANTOS OBRIGATORIO APONTAR O PROBLEMA MANUTENC?O CORRETIVA (FALHA/QUEBRA);Manutenção
4754;03/01/2025;CORRETIVA;417;417 - Hece 1400;HECE-1400;HECE;2003;OS GERADA AUTOMATICAMENTE POR HELENO JO?O PESSOA OBRIGATORIO APONTAR O PROBLEMA MANUTENC?O CORRETIVA (FALHA/QUEBRA);Manutenção
4756;04/01/2025;CORRETIVA;115;115 - Extrusora;115 - Carnevalli monocamada;Carnevalli ;2017;OS GERADA AUTOMATICAMENTE POR GABRIEL CORREIA DA SILVA OBRIGATORIO APONTAR O PROBLEMA MANUTENC?O CORRETIVA (FALHA/QUEBRA);Manutenção
4760;06/01/2025;CORRETIVA;413;413 - Polimaquinas;413 - Polimaquinas;POLIMAQUINAS;2017;OS GERADA AUTOMATICAMENTE POR RICARDO FERNANDES FELIX  OBRIGATORIO APONTAR O PROBLEMA MANUTENC?O CORRETIVA (FALHA/QUEBRA);Manutenção
4762;07/01/2025;CORRETIVA;501;501 - Jaguar rebobinadeira;Jaguar;MegaSteel ;2000;OS GERADA AUTOMATICAMENTE POR JAIRO DOURADO NASCIMENTO OBRIGATORIO APONTAR O PROBLEMA MANUTENC?O CORRETIVA (FALHA/QUEBRA);Manutenção
4770;07/01/2025;CORRETIVA;418;418 - Hece 850;HECE-850;HECE;2012;OS GERADA AUTOMATICAMENTE POR NILTON CESAR DA SILVA  OBRIGATORIO APONTAR O PROBLEMA MANUTENC?O CORRETIVA (FALHA/QUEBRA);Manutenção
4771;07/01/2025;CORRETIVA;115;115 - Extrusora;115 - Carnevalli monocamada;Carnevalli ;2017;OS GERADA AUTOMATICAMENTE POR RAFAEL FERNANDO PINHEIRO OBRIGATORIO APONTAR O PROBLEMA MANUTENC?O CORRETIVA (FALHA/QUEBRA);Manutenção
4772;08/01/2025;CORRETIVA;113;113 - Extrusora;113 - Carnevalli monocamada;Carnevalli ;2020;OS GERADA AUTOMATICAMENTE POR KLEYTON DOUGLAS SANTOS FRAGOSO OBRIGATORIO APONTAR O PROBLEMA MANUTENC?O CORRETIVA (FALHA/QUEBRA);Manutenção
4778;08/01/2025;CORRETIVA;413;413 - Polimaquinas;413 - Polimaquinas;POLIMAQUINAS;2017;OS GERADA AUTOMATICAMENTE POR GEILDA PEREIRA DE SOUZA OBRIGATORIO APONTAR O PROBLEMA MANUTENC?O CORRETIVA (FALHA/QUEBRA);Manutenção
4784;09/01/2025;CORRETIVA;112;112 - Extrusora;112 - Carnevalli monocamada;Carnevalli ;2019;OS GERADA AUTOMATICAMENTE POR KAIO HENRIQUE DE OLIVEIRA OBRIGATORIO APONTAR O PROBLEMA MANUTENC?O CORRETIVA (FALHA/QUEBRA);Manutenção
4785;10/01/2025;CORRETIVA;501;501 - Jaguar rebobinadeira;Jaguar;MegaSteel ;2000;OS GERADA AUTOMATICAMENTE POR JOSE RIAN MENDONCA DA SILVA OBRIGATORIO APONTAR O PROBLEMA MANUTENC?O CORRETIVA (FALHA/QUEBRA);Manutenção
4791;11/01/2025;CORRETIVA;506;506 - Rebobinadeira;;;2000;OS GERADA AUTOMATICAMENTE POR PAULO EDUARDO PEREIRA DA FONSECA OBRIGATORIO APONTAR O PROBLEMA MANUTENC?O CORRETIVA (FALHA/QUEBRA);Manutenção
4797;13/01/2025;CORRETIVA;417;417 - Hece 1400;HECE-1400;HECE;2003;OS GERADA AUTOMATICAMENTE POR RICARDO FERNANDES FELIX  OBRIGATORIO APONTAR O PROBLEMA MANUTENC?O CORRETIVA (FALHA/QUEBRA);Manutenção
4817;15/01/2025;CORRETIVA;501;501 - Jaguar rebobinadeira;Jaguar;MegaSteel ;2000;OS GERADA AUTOMATICAMENTE POR JOSE RIAN MENDONCA DA SILVA OBRIGATORIO APONTAR O PROBLEMA MANUTENC?O CORRETIVA (FALHA/QUEBRA);Manutenção
4818;15/01/2025;CORRETIVA;501;501 - Jaguar rebobinadeira;Jaguar;MegaSteel ;2000;OS GERADA AUTOMATICAMENTE POR JOSE RIAN MENDONCA DA SILVA OBRIGATORIO APONTAR O PROBLEMA MANUTENC?O CORRETIVA (FALHA/QUEBRA);Manutenção
4823;15/01/2025;CORRETIVA;112;112 - Extrusora;112 - Carnevalli monocamada;Carnevalli ;2019;OS GERADA AUTOMATICAMENTE POR IZAEL DA SILVA RODRIGUES OBRIGATORIO APONTAR O PROBLEMA MANUTENC?O CORRETIVA (FALHA/QUEBRA);Manutenção
4824;15/01/2025;CORRETIVA;417;417 - Hece 1400;HECE-1400;HECE;2003;OS GERADA AUTOMATICAMENTE POR RICARDO FERNANDES FELIX  OBRIGATORIO APONTAR O PROBLEMA MANUTENC?O CORRETIVA (FALHA/QUEBRA);Manutenção
4835;17/01/2025;CORRETIVA;501;501 - Jaguar rebobinadeira;Jaguar;MegaSteel ;2000;OS GERADA AUTOMATICAMENTE POR JAIRO DOURADO NASCIMENTO OBRIGATORIO APONTAR O PROBLEMA MANUTENC?O CORRETIVA (FALHA/QUEBRA);Manutenção
4836;17/01/2025;CORRETIVA;501;501 - Jaguar rebobinadeira;Jaguar;MegaSteel ;2000;OS GERADA AUTOMATICAMENTE POR JAIRO DOURADO NASCIMENTO OBRIGATORIO APONTAR O PROBLEMA MANUTENC?O CORRETIVA (FALHA/QUEBRA);Manutenção
4837;17/01/2025;CORRETIVA;501;501 - Jaguar rebobinadeira;Jaguar;MegaSteel ;2000;OS GERADA AUTOMATICAMENTE POR JAIRO DOURADO NASCIMENTO OBRIGATORIO APONTAR O PROBLEMA MANUTENC?O CORRETIVA (FALHA/QUEBRA);Manutenção
4840;17/01/2025;CORRETIVA;108;108 - Extrusora;108 - Carnevalli monocamada;Carnevalli ;2008;OS GERADA AUTOMATICAMENTE POR AGRICIO RODRIGUES OBRIGATORIO APONTAR O PROBLEMA MANUTENC?O CORRETIVA (FALHA/QUEBRA);Manutenção
4846;20/01/2025;CORRETIVA;413;413 - Polimaquinas;413 - Polimaquinas;POLIMAQUINAS;2017;OS GERADA AUTOMATICAMENTE POR GEILDA PEREIRA DE SOUZA OBRIGATORIO APONTAR O PROBLEMA MANUTENC?O CORRETIVA (FALHA/QUEBRA);Manutenção
4847;20/01/2025;CORRETIVA;506;506 - Rebobinadeira;;;2000;OS GERADA AUTOMATICAMENTE POR JOSE ROBERTO ALBINO MARQUES OBRIGATORIO APONTAR O PROBLEMA MANUTENC?O CORRETIVA (FALHA/QUEBRA);Manutenção
4851;20/01/2025;CORRETIVA;501;501 - Jaguar rebobinadeira;Jaguar;MegaSteel ;2000;OS GERADA AUTOMATICAMENTE POR JOSE RIAN MENDONCA DA SILVA OBRIGATORIO APONTAR O PROBLEMA MANUTENC?O CORRETIVA (FALHA/QUEBRA);Manutenção
4852;20/01/2025;CORRETIVA;501;501 - Jaguar rebobinadeira;Jaguar;MegaSteel ;2000;OS GERADA AUTOMATICAMENTE POR JOSE RIAN MENDONCA DA SILVA OBRIGATORIO APONTAR O PROBLEMA MANUTENC?O CORRETIVA (FALHA/QUEBRA);Manutenção
4857;22/01/2025;CORRETIVA;113;113 - Extrusora;113 - Carnevalli monocamada;Carnevalli ;2020;OS GERADA AUTOMATICAMENTE POR THIAGO DOS SANTOS LIMA OBRIGATORIO APONTAR O PROBLEMA MANUTENC?O CORRETIVA (FALHA/QUEBRA);Manutenção
4860;22/01/2025;CORRETIVA;417;417 - Hece 1400;HECE-1400;HECE;2003;OS GERADA AUTOMATICAMENTE POR RICARDO FERNANDES FELIX  OBRIGATORIO APONTAR O PROBLEMA MANUTENC?O CORRETIVA (FALHA/QUEBRA);Manutenção
4866;23/01/2025;CORRETIVA;117;117 - Extrusora;117 - Carnevalli monocamada;Carnevalli ;2016;OS GERADA AUTOMATICAMENTE POR MICHAEL DE OLIVEIRA BATISTA OBRIGATORIO APONTAR O PROBLEMA MANUTENC?O CORRETIVA (FALHA/QUEBRA);Manutenção
4867;23/01/2025;CORRETIVA;501;501 - Jaguar rebobinadeira;Jaguar;MegaSteel ;2000;OS GERADA AUTOMATICAMENTE POR JOSE RIAN MENDONCA DA SILVA OBRIGATORIO APONTAR O PROBLEMA MANUTENC?O CORRETIVA (FALHA/QUEBRA);Manutenção
4870;24/01/2025;CORRETIVA;417;417 - Hece 1400;HECE-1400;HECE;2003;OS GERADA AUTOMATICAMENTE POR RICARDO FERNANDES FELIX  OBRIGATORIO APONTAR O PROBLEMA MANUTENC?O CORRETIVA (FALHA/QUEBRA);Manutenção
4871;24/01/2025;CORRETIVA;117;117 - Extrusora;117 - Carnevalli monocamada;Carnevalli ;2016;OS GERADA AUTOMATICAMENTE POR GABRIEL GONCALVES SIMONETTI OBRIGATORIO APONTAR O PROBLEMA MANUTENC?O CORRETIVA (FALHA/QUEBRA);Manutenção
4872;24/01/2025;CORRETIVA;417;417 - Hece 1400;HECE-1400;HECE;2003;OS GERADA AUTOMATICAMENTE POR RICARDO FERNANDES FELIX  OBRIGATORIO APONTAR O PROBLEMA MANUTENC?O CORRETIVA (FALHA/QUEBRA);Manutenção
4873;25/01/2025;CORRETIVA;;;;;;OS GERADA AUTOMATICAMENTE POR PAULO EDUARDO PEREIRA DA FONSECA OBRIGATORIO APONTAR O PROBLEMA MANUTENC?O CORRETIVA (FALHA/QUEBRA);Manutenção
4874;25/01/2025;CORRETIVA;;;;;;OS GERADA AUTOMATICAMENTE POR PAULO EDUARDO PEREIRA DA FONSECA OBRIGATORIO APONTAR O PROBLEMA MANUTENC?O CORRETIVA (FALHA/QUEBRA);Manutenção
4875;27/01/2025;CORRETIVA;502;502 - Jaguar rebobinadeira;Jaguar;MegaSteel ;2000;OS GERADA AUTOMATICAMENTE POR MISAEL BORGES OBRIGATORIO APONTAR O PROBLEMA MANUTENC?O CORRETIVA (FALHA/QUEBRA);Manutenção
4876;27/01/2025;CORRETIVA;207;207 - Comexi 8 cores;Comexi-F2MB-F21020;Comexi;2003;OS GERADA AUTOMATICAMENTE POR DANIEL OLIVEIRA DO NASCIMENTO OBRIGATORIO APONTAR O PROBLEMA MANUTENC?O CORRETIVA (FALHA/QUEBRA);Manutenção
4877;27/01/2025;CORRETIVA;117;117 - Extrusora;117 - Carnevalli monocamada;Carnevalli ;2016;OS GERADA AUTOMATICAMENTE POR LUCAS MOREIRA DE SANTANA DE JESUS OBRIGATORIO APONTAR O PROBLEMA MANUTENC?O CORRETIVA (FALHA/QUEBRA);Manutenção
4879;27/01/2025;CORRETIVA;417;417 - Hece 1400;HECE-1400;HECE;2003;OS GERADA AUTOMATICAMENTE POR MARIA SUZANILDA DOS SANTOS SILVA  OBRIGATORIO APONTAR O PROBLEMA MANUTENC?O CORRETIVA (FALHA/QUEBRA);Manutenção
4880;27/01/2025;CORRETIVA;417;417 - Hece 1400;HECE-1400;HECE;2003;OS GERADA AUTOMATICAMENTE POR MARIA SUZANILDA DOS SANTOS SILVA  OBRIGATORIO APONTAR O PROBLEMA MANUTENC?O CORRETIVA (FALHA/QUEBRA);Manutenção
4881;27/01/2025;CORRETIVA;;;;;;OS GERADA AUTOMATICAMENTE POR PAULO EDUARDO PEREIRA DA FONSECA OBRIGATORIO APONTAR O PROBLEMA MANUTENC?O CORRETIVA (FALHA/QUEBRA);Manutenção
4882;27/01/2025;CORRETIVA;113;113 - Extrusora;113 - Carnevalli monocamada;Carnevalli ;2020;OS GERADA AUTOMATICAMENTE POR IZAEL DA SILVA RODRIGUES OBRIGATORIO APONTAR O PROBLEMA MANUTENC?O CORRETIVA (FALHA/QUEBRA);Manutenção
4883;27/01/2025;CORRETIVA;;;;;;OS GERADA AUTOMATICAMENTE POR PAULO EDUARDO PEREIRA DA FONSECA OBRIGATORIO APONTAR O PROBLEMA MANUTENC?O CORRETIVA (FALHA/QUEBRA);Manutenção
4884;28/01/2025;CORRETIVA;115;115 - Extrusora;115 - Carnevalli monocamada;Carnevalli ;2017;OS GERADA AUTOMATICAMENTE POR KLEYTON DOUGLAS SANTOS FRAGOSO OBRIGATORIO APONTAR O PROBLEMA MANUTENC?O CORRETIVA (FALHA/QUEBRA);Manutenção
4885;28/01/2025;CORRETIVA;113;113 - Extrusora;113 - Carnevalli monocamada;Carnevalli ;2020;OS GERADA AUTOMATICAMENTE POR LINEKER FELIPE DE ANDRADE GRECCO OBRIGATORIO APONTAR O PROBLEMA MANUTENC?O CORRETIVA (FALHA/QUEBRA);Manutenção
4899;28/01/2025;CORRETIVA;501;501 - Jaguar rebobinadeira;Jaguar;MegaSteel ;2000;OS GERADA AUTOMATICAMENTE POR JOSE RIAN MENDONCA DA SILVA OBRIGATORIO APONTAR O PROBLEMA MANUTENC?O CORRETIVA (FALHA/QUEBRA);Manutenção
4900;28/01/2025;CORRETIVA;113;113 - Extrusora;113 - Carnevalli monocamada;Carnevalli ;2020;OS GERADA AUTOMATICAMENTE POR THIAGO DOS SANTOS LIMA OBRIGATORIO APONTAR O PROBLEMA MANUTENC?O CORRETIVA (FALHA/QUEBRA);Manutenção
4902;28/01/2025;CORRETIVA;108;108 - Extrusora;108 - Carnevalli monocamada;Carnevalli ;2008;OS GERADA AUTOMATICAMENTE POR GUSTAVO JOSE BETTI DA SILVA OBRIGATORIO APONTAR O PROBLEMA MANUTENC?O CORRETIVA (FALHA/QUEBRA);Manutenção
4904;29/01/2025;CORRETIVA;108;108 - Extrusora;108 - Carnevalli monocamada;Carnevalli ;2008;OS GERADA AUTOMATICAMENTE POR RIXARDI DONATO DE ANDRADE OBRIGATORIO APONTAR O PROBLEMA MANUTENC?O CORRETIVA (FALHA/QUEBRA);Manutenção
4906;30/01/2025;CORRETIVA;118;118- Extrusora;118 - Carnevalli monocamada;Carnevalli ;2021;OS GERADA AUTOMATICAMENTE POR FELIPE MORAIS JULIAO DA SILVA OBRIGATORIO APONTAR O PROBLEMA MANUTENC?O CORRETIVA (FALHA/QUEBRA);Manutenção
4908;30/01/2025;CORRETIVA;417;417 - Hece 1400;HECE-1400;HECE;2003;OS GERADA AUTOMATICAMENTE POR MARIA SUZANILDA DOS SANTOS SILVA  OBRIGATORIO APONTAR O PROBLEMA MANUTENC?O CORRETIVA (FALHA/QUEBRA);Manutenção
4911;30/01/2025;CORRETIVA;502;502 - Jaguar rebobinadeira;Jaguar;MegaSteel ;2000;OS GERADA AUTOMATICAMENTE POR ANTONIO MARCOS VIRGINIO ISHIZAKI OBRIGATORIO APONTAR O PROBLEMA MANUTENC?O CORRETIVA (FALHA/QUEBRA);Manutenção
4921;31/01/2025;CORRETIVA;115;115 - Extrusora;115 - Carnevalli monocamada;Carnevalli ;2017;OS GERADA AUTOMATICAMENTE POR IZAEL DA SILVA RODRIGUES OBRIGATORIO APONTAR O PROBLEMA MANUTENC?O CORRETIVA (FALHA/QUEBRA);Manutenção
4923;01/02/2025;CORRETIVA;118;118- Extrusora;118 - Carnevalli monocamada;Carnevalli ;2021;OS GERADA AUTOMATICAMENTE POR FELIPE MORAIS JULIAO DA SILVA OBRIGATORIO APONTAR O PROBLEMA MANUTENC?O CORRETIVA (FALHA/QUEBRA);Manutenção
4924;03/02/2025;Corretiva;117;117 - Extrusora;117 - Carnevalli monocamada;Carnevalli ;2016;OS GERADA AUTOMATICAMENTE POR GABRIEL GONCALVES SIMONETTI OBRIGATORIO APONTAR O PROBLEMA MANUTENC?O CORRETIVA (FALHA/QUEBRA);Manutenção
4933;04/02/2025;Corretiva;117;117 - Extrusora;117 - Carnevalli monocamada;Carnevalli ;2016;OS GERADA AUTOMATICAMENTE POR DAVID DA CRUZ MALHEIROS OBRIGATORIO APONTAR O PROBLEMA MANUTENC?O CORRETIVA (FALHA/QUEBRA);Manutenção
4935;05/02/2025;CORRETIVA;301;301-Comexi Laminadora;Comexi SL2 MB;Comexi;2018;OS GERADA AUTOMATICAMENTE POR SANDRO GASPARI OBRIGATORIO APONTAR O PROBLEMA MANUTENC?O CORRETIVA (FALHA/QUEBRA);Manutenção
4936;05/02/2025;CORRETIVA;416;416 - Hece 1400;HECE-1400;HECE;2003;OS GERADA AUTOMATICAMENTE POR DENILSON DA SILVA  OBRIGATORIO APONTAR O PROBLEMA MANUTENC?O CORRETIVA (FALHA/QUEBRA);Manutenção
4941;05/02/2025;CORRETIVA;116;116 - Extrusora;116 - Carnevalli monocamada;Carnevalli ;2015;OS GERADA AUTOMATICAMENTE POR LUCAS MOREIRA DE SANTANA DE JESUS OBRIGATORIO APONTAR O PROBLEMA MANUTENC?O CORRETIVA (FALHA/QUEBRA);Manutenção
4942;05/02/2025;CORRETIVA;108;108 - Extrusora;108 - Carnevalli monocamada;Carnevalli ;2008;OS GERADA AUTOMATICAMENTE POR EDIVAN LIMA DE AZEVEDO  OBRIGATORIO APONTAR O PROBLEMA MANUTENC?O CORRETIVA (FALHA/QUEBRA);Manutenção
4945;06/02/2025;CORRETIVA;117;117 - Extrusora;117 - Carnevalli monocamada;Carnevalli ;2016;OS GERADA AUTOMATICAMENTE POR DAVID DA CRUZ MALHEIROS OBRIGATORIO APONTAR O PROBLEMA MANUTENC?O CORRETIVA (FALHA/QUEBRA);Manutenção
4952;06/02/2025;CORRETIVA;302;301-Comexi Laminadora;Comexi SL2 MB;Comexi;2018;OS GERADA AUTOMATICAMENTE POR EUGENIO MOREIRA DA SILVA OBRIGATORIO APONTAR O PROBLEMA MANUTENC?O CORRETIVA (FALHA/QUEBRA);Manutenção
4960;10/02/2025;CORRETIVA;118;118- Extrusora;118 - Carnevalli monocamada;Carnevalli ;2021;OS GERADA AUTOMATICAMENTE POR GABRIEL LUIZ FERREIRA DA SILVA OBRIGATORIO APONTAR O PROBLEMA MANUTENC?O CORRETIVA (FALHA/QUEBRA);Manutenção
4964;10/02/2025;CORRETIVA;417;417 - Hece 1400;HECE-1400;HECE;2003;OS GERADA AUTOMATICAMENTE POR HELENO JO?O PESSOA OBRIGATORIO APONTAR O PROBLEMA MANUTENC?O CORRETIVA (FALHA/QUEBRA);Manutenção
4965;10/02/2025;CORRETIVA;417;417 - Hece 1400;HECE-1400;HECE;2003;OS GERADA AUTOMATICAMENTE POR HELENO JO?O PESSOA OBRIGATORIO APONTAR O PROBLEMA MANUTENC?O CORRETIVA (FALHA/QUEBRA);Manutenção
4966;11/02/2025;CORRETIVA;113;113 - Extrusora;113 - Carnevalli monocamada;Carnevalli ;2020;OS GERADA AUTOMATICAMENTE POR CARLOS EDUARDO FREITAS DE SOUZA OBRIGATORIO APONTAR O PROBLEMA MANUTENC?O CORRETIVA (FALHA/QUEBRA);Manutenção
4976;11/02/2025;CORRETIVA;501;501 - Jaguar rebobinadeira;Jaguar;MegaSteel ;2000;OS GERADA AUTOMATICAMENTE POR JOSE RIAN MENDONCA DA SILVA OBRIGATORIO APONTAR O PROBLEMA MANUTENC?O CORRETIVA (FALHA/QUEBRA);Manutenção
4978;11/02/2025;CORRETIVA;;;;;;OS GERADA AUTOMATICAMENTE POR PAULO EDUARDO PEREIRA DA FONSECA OBRIGATORIO APONTAR O PROBLEMA MANUTENC?O CORRETIVA (FALHA/QUEBRA);Manutenção
5014;13/02/2025;CORRETIVA;108;108 - Extrusora;108 - Carnevalli monocamada;Carnevalli ;2008;OS GERADA AUTOMATICAMENTE POR EDIVAN LIMA DE AZEVEDO  OBRIGATORIO APONTAR O PROBLEMA MANUTENC?O CORRETIVA (FALHA/QUEBRA);Manutenção
5015;13/02/2025;CORRETIVA;117;117 - Extrusora;117 - Carnevalli monocamada;Carnevalli ;2016;OS GERADA AUTOMATICAMENTE POR JOAO PEDRO CORASSARI VELLOSA OBRIGATORIO APONTAR O PROBLEMA MANUTENC?O CORRETIVA (FALHA/QUEBRA);Manutenção
5016;13/02/2025;CORRETIVA;501;501 - Jaguar rebobinadeira;Jaguar;MegaSteel ;2000;OS GERADA AUTOMATICAMENTE POR JOSE RIAN MENDONCA DA SILVA OBRIGATORIO APONTAR O PROBLEMA MANUTENC?O CORRETIVA (FALHA/QUEBRA);Manutenção
5017;13/02/2025;CORRETIVA;501;501 - Jaguar rebobinadeira;Jaguar;MegaSteel ;2000;OS GERADA AUTOMATICAMENTE POR JOSE RIAN MENDONCA DA SILVA OBRIGATORIO APONTAR O PROBLEMA MANUTENC?O CORRETIVA (FALHA/QUEBRA);Manutenção
5018;13/02/2025;CORRETIVA;417;417 - Hece 1400;HECE-1400;HECE;2003;OS GERADA AUTOMATICAMENTE POR HELENO JO?O PESSOA OBRIGATORIO APONTAR O PROBLEMA MANUTENC?O CORRETIVA (FALHA/QUEBRA);Manutenção
5019;14/02/2025;CORRETIVA;113;113 - Extrusora;113 - Carnevalli monocamada;Carnevalli ;2020;OS GERADA AUTOMATICAMENTE POR ANDRE SOUZA DOS SANTOS OBRIGATORIO APONTAR O PROBLEMA MANUTENC?O CORRETIVA (FALHA/QUEBRA);Manutenção
5024;16/02/2025;CORRETIVA;112;112 - Extrusora;112 - Carnevalli monocamada;Carnevalli ;2019;OS GERADA AUTOMATICAMENTE POR JHONATAN MARQUES DOS SANTOS OBRIGATORIO APONTAR O PROBLEMA MANUTENC?O CORRETIVA (FALHA/QUEBRA);Manutenção
5025;17/02/2025;CORRETIVA;118;118- Extrusora;118 - Carnevalli monocamada;Carnevalli ;2021;OS GERADA AUTOMATICAMENTE POR ERICK GABRIEL MORAIS DA SILVA OBRIGATORIO APONTAR O PROBLEMA MANUTENC?O CORRETIVA (FALHA/QUEBRA);Manutenção
5034;17/02/2025;CORRETIVA;113;113 - Extrusora;113 - Carnevalli monocamada;Carnevalli ;2020;OS GERADA AUTOMATICAMENTE POR LINEKER FELIPE DE ANDRADE GRECCO OBRIGATORIO APONTAR O PROBLEMA MANUTENC?O CORRETIVA (FALHA/QUEBRA);Manutenção
5035;17/02/2025;CORRETIVA;117;117 - Extrusora;117 - Carnevalli monocamada;Carnevalli ;2016;OS GERADA AUTOMATICAMENTE POR LINEKER FELIPE DE ANDRADE GRECCO OBRIGATORIO APONTAR O PROBLEMA MANUTENC?O CORRETIVA (FALHA/QUEBRA);Manutenção
5036;17/02/2025;CORRETIVA;118;118- Extrusora;118 - Carnevalli monocamada;Carnevalli ;2021;OS GERADA AUTOMATICAMENTE POR ERICK GABRIEL MORAIS DA SILVA OBRIGATORIO APONTAR O PROBLEMA MANUTENC?O CORRETIVA (FALHA/QUEBRA);Manutenção
5040;17/02/2025;CORRETIVA;417;417 - Hece 1400;HECE-1400;HECE;2003;OS GERADA AUTOMATICAMENTE POR HELENO JO?O PESSOA OBRIGATORIO APONTAR O PROBLEMA MANUTENC?O CORRETIVA (FALHA/QUEBRA);Manutenção
5041;18/02/2025;CORRETIVA;113;113 - Extrusora;113 - Carnevalli monocamada;Carnevalli ;2020;OS GERADA AUTOMATICAMENTE POR ELIEL ODACI DE MELO OBRIGATORIO APONTAR O PROBLEMA MANUTENC?O CORRETIVA (FALHA/QUEBRA);Manutenção
5042;18/02/2025;CORRETIVA;108;108 - Extrusora;108 - Carnevalli monocamada;Carnevalli ;2008;OS GERADA AUTOMATICAMENTE POR GUSTAVO JOSE BETTI DA SILVA OBRIGATORIO APONTAR O PROBLEMA MANUTENC?O CORRETIVA (FALHA/QUEBRA);Manutenção
5045;18/02/2025;CORRETIVA;117;117 - Extrusora;117 - Carnevalli monocamada;Carnevalli ;2016;OS GERADA AUTOMATICAMENTE POR DAVID DA CRUZ MALHEIROS OBRIGATORIO APONTAR O PROBLEMA MANUTENC?O CORRETIVA (FALHA/QUEBRA);Manutenção
5058;18/02/2025;CORRETIVA;417;417 - Hece 1400;HECE-1400;HECE;2003;OS GERADA AUTOMATICAMENTE POR HELENO JO?O PESSOA OBRIGATORIO APONTAR O PROBLEMA MANUTENC?O CORRETIVA (FALHA/QUEBRA);Manutenção
5062;19/02/2025;CORRETIVA;417;417 - Hece 1400;HECE-1400;HECE;2003;OS GERADA AUTOMATICAMENTE POR HELENO JO?O PESSOA OBRIGATORIO APONTAR O PROBLEMA MANUTENC?O CORRETIVA (FALHA/QUEBRA);Manutenção
5063;19/02/2025;CORRETIVA;417;417 - Hece 1400;HECE-1400;HECE;2003;OS GERADA AUTOMATICAMENTE POR HELENO JO?O PESSOA OBRIGATORIO APONTAR O PROBLEMA MANUTENC?O CORRETIVA (FALHA/QUEBRA);Manutenção
